Player ID:,1243694,,,,,,,,,,,,,,,,,,,,,,,,,,,,,,,,,,,,,,,,,
Player Name:,Logan Snow,,,,,,,,,,,,,,,,,,,,,,,,,,,,,,,,,,,,,,,,,
,,,,,,,,,,,,,,,,,,,,,,,,,,,,,,,,,,,,,,,,,,
No,Date,Pitch ID,Pitch Type,Is Strike,Strike Zone Side,Strike Zone Height,Velocity,Total Spin,True Spin (release),Spin Efficiency (release),Spin Direction,Spin Confidence,VB (trajectory),HB (trajectory),SSW VB,SSW HB,VB (spin),HB (spin),Horizontal Angle,Release Angle,Release Height,Release Side,Release Extension (ft),Gyro Degree (deg),Unique ID,Device Serial Number,SO - latLongConfidence,SO - latitude,SO - longitude,SO - rotMatConfidence,SO - timestamp,SO - Xx,SO - Xy,SO - Xz,SO - Yx,SO - Yy,SO - Yz,SO - Zx,SO - Zy,SO - Zz,Horizontal Approach Angle,Vertical Approach Angle
1,Fri Sep 06 2024 4:02:13 PM,1725638533,TwoSeamFastball,N,-15.78,39.63,86.35,2325.3,2321.8,99.8,2:22,1,12.2,19.1,-,-,8,25.2,-7.33,0.45,5.02,3.83,2.038591385,3.17,1243694@1725638533,V3P4DB1N1735A,1,-7.482605457,4.893505096,0.5,0,0.850901544,0.063041233,-0.5215289,-0.071686305,0.997420728,0.003606021,0.520411015,0.034318112,0.853226066,-3.661442041,-4.490311146
2,Fri Sep 06 2024 4:02:25 PM,1725638545,TwoSeamFastball,Y,-0.7,29.57,85.06,2304.7,2304.5,100,2:22,1,11.1,24,-,-,8.3,25.6,-6.46,-0.13,4.85,3.89,2.003059387,0.79,1243694@1725638545,V3P4DB1N1735A,1,0.780668378,11.32916641,1,0,0.789808214,0.022993939,-0.612922668,0.016784037,0.998112559,0.059072226,0.613124192,-0.056943048,0.787931621,-1.895541787,-5.315096378
3,Fri Sep 06 2024 4:02:37 PM,1725638557,TwoSeamFastball,Y,3.02,27.99,84.37,2172.5,2168.9,99.8,2:32,1,8.9,19.6,-,-,5.5,24.9,-5.69,0.19,4.66,3.79,2.208314896,-3.3,1243694@1725638557,V3P4DB1N1735A,1,-0.646212995,76.47874451,1,0,-0.308524698,-0.04975111,-0.949914217,0.002215376,0.998590946,-0.053020056,0.951213598,-0.018462423,-0.307979792,-1.855775595,-5.701807499
4,Fri Sep 06 2024 4:02:49 PM,1725638569,TwoSeamFastball,Y,-1.41,38.48,84.97,2251.7,2251.4,100,2:28,1,7.7,17.6,-,-,6.5,25.7,-5.8,1.03,4.89,3.76,1.997104645,-0.99,1243694@1725638569,V3P4DB1N1735A,1,-7.797522545,86.54515076,1,0,-0.414331198,-0.09028741,-0.905636489,-0.275893241,0.960706055,0.030444406,0.867301702,0.262473077,-0.422960162,-2.414369106,-5.051014423
5,Fri Sep 06 2024 4:03:09 PM,1725638589,Cutter,N,-12.16,25.77,80.37,1952.2,1188.7,60.9,1:40,1,14.7,0.1,-,-,8.9,11.1,-5.05,-0.27,4.71,3.6,2.03603363,52.49,1243694@1725638589,V3P4DB1N1735A,1,-2.044548035,130.5874176,1,0,0.109808102,0.292154312,-0.950046182,-0.963077307,-0.20511049,-0.174388885,-0.245813072,0.934117317,0.258844584,-5.018368721,-5.570996761
6,Fri Sep 06 2024 4:03:20 PM,1725638600,Cutter,N,13.79,44.39,78.78,2037.6,1727.2,94.3,3:10,1,18.2,2.5,-,-,19.5,-2.2,-3.18,1.26,4.63,3.75,-,48.3,1243694@1725638600,V3P4DB1N1735A,1,0.354533821,140.3696899,1,0,0.697085142,0.552440166,-0.457036287,-0.670520186,0.27654779,-0.688421369,-0.253919244,0.786340356,0.563199639,-2.660366297,-3.728075027
7,Fri Sep 06 2024 4:03:33 PM,1725638613,Slider,N,-11.32,25.42,75.09,2400,608.4,25.4,11:58,0.5,15.6,-6.6,-,-,6.2,-1,-4.8,0.55,4.51,4,2.056919098,75.31,1243694@1725638613,V3P4DB1N1735A,0.5,-37.3739624,76.76447296,1,0,0.725866258,0.687569678,-0.019134264,-0.679386675,0.721019387,0.136252686,0.107479393,-0.085901663,0.990489304,-6.087679386,-6.193303108
8,Fri Sep 06 2024 4:03:45 PM,1725638625,Slider,N,-12.6,33.05,74.94,2297.9,390.6,17,10:42,1,12.8,-6.1,-,-,2.8,-3.9,-4.87,1.48,4.44,3.91,2.095527649,80.21,1243694@1725638625,V3P4DB1N1735A,1,-33.89728165,128.6213684,1,0,0.803200364,0.563828826,-0.192266181,-0.579596877,0.665098011,-0.470863104,-0.137610331,0.489634305,0.861000419,-6.043296814,-5.541210175
9,Fri Sep 06 2024 4:04:07 PM,1725638647,ChangeUp,N,-3.38,17.58,78.33,2203.4,2148.1,97.5,2:40,1,8.2,19.2,-,-,4,25.7,-6.36,0.06,4.56,3.97,2.018211365,-12.87,1243694@1725638647,V3P4DB1N1735A,1,24.58485222,48.93527222,1,0,0.233722523,-0.206376716,-0.950148642,0.527004957,0.848107934,-0.054577559,0.817092121,-0.487977028,0.306983501,-2.663645029,-7.224667549
10,Fri Sep 06 2024 4:04:20 PM,1725638660,ChangeUp,N,13.09,15.64,76.94,2185.8,2185.5,100,2:40,0.5,7,15.9,-,-,3.2,22.6,-4.61,-0.03,4.43,3.86,-,-0.96,1243694@1725638660,V3P4DB1N1735A,0.5,18.62289047,60.30463791,1,0,-0.025777403,0.076436669,-0.996741176,0.459475338,0.886417508,0.056093495,0.88781637,-0.456532031,-0.057970297,-1.434555531,-7.461247921
11,Fri Sep 06 2024 4:04:40 PM,1725638680,TwoSeamFastball,Y,8.57,25.7,85.31,2245.3,2244.6,100,2:28,1,8.1,17.6,-,-,6.6,24.5,-4.96,-0.2,4.65,3.73,2.285831451,1.47,1243694@1725638680,V3P4DB1N1735A,1,-10.9328804,70.95046234,1,0,-0.137550741,-0.039714269,-0.989698231,-0.308918536,0.951076508,0.004769811,0.941089332,0.306392193,-0.143089786,-1.571331501,-5.598631859
12,Fri Sep 06 2024 4:04:54 PM,1725638694,TwoSeamFastball,N,8.91,16.23,84.75,2138.8,2134.5,99.8,2:26,0.5,8.1,16.9,-,-,6.9,24.6,-4.89,-0.96,4.69,3.79,2.115541458,3.63,1243694@1725638694,V3P4DB1N1735A,0.5,-10.20260906,78.19913483,1,0,-0.252054155,-0.028410373,-0.967296004,-0.336263597,0.939853489,0.06001788,0.907411397,0.340394169,-0.246447369,-1.635359406,-6.624650955
13,Fri Sep 06 2024 4:05:09 PM,1725638709,Cutter,Y,-8.67,35.45,79.31,2120.2,1000.7,47.2,1:16,1,11.5,2.4,-,-,8.7,6.7,-5.04,1.09,4.68,3.69,2.060476303,61.84,1243694@1725638709,V3P4DB1N1735A,1,-23.66622353,129.6848907,1,0,0.566741109,0.463951766,-0.680847406,-0.817634404,0.21502912,-0.534075379,-0.101383187,0.859366715,0.501208782,-4.575881004,-5.2162714
14,Fri Sep 06 2024 4:05:20 PM,1725638720,Cutter,Y,1.03,26.58,79.56,2060.6,1228.9,59.6,1:38,0.5,15.2,2.6,-,-,9,10.9,-4.31,-0.25,4.77,3.81,2.065626144,53.39,1243694@1725638720,V3P4DB1N1735A,0.5,-8.066086769,149.1729431,1,0,0.619054079,0.172860101,-0.766088367,-0.693634093,-0.337115586,-0.63657254,-0.368298382,0.925457835,-0.088791087,-3.815459251,-5.585870743
15,Fri Sep 06 2024 4:14:04 PM,1725639244,TwoSeamFastball,N,-14.8,25.98,84.1,2286.7,2238.6,97.9,2:30,1,8.7,21.1,-,-,6.4,25.1,-7.94,-0.12,4.89,4.36,1.946683884,-11.77,1243694@1725639244,V3P4DB1N1735A,1,-19.11395264,5.432039738,0.5,0,0.827009559,0.004962063,-0.562165976,-0.276854515,0.87389642,-0.399570525,0.489292115,0.486086845,0.72409451,-3.944081545,-6.097381592
16,Fri Sep 06 2024 4:14:15 PM,1725639255,TwoSeamFastball,N,12.8,30.75,84.57,2252.2,-,-,3:10,1,14.2,19.4,-,-,-0.9,0.2,-5.35,0.08,4.39,4.18,-,90,1243694@1725639255,V3P4DB1N1735A,1,-15.30996418,128.9963837,0.25,0,0.974896908,-0.160583735,-0.154236704,0.17300877,0.982375979,0.070749059,0.140157282,-0.095657341,0.985497653,-1.429379463,-4.533377171
17,Fri Sep 06 2024 4:14:28 PM,1725639268,TwoSeamFastball,N,11.71,29.53,82.9,2257.4,-,-,3:06,1,6.4,19.9,-,-,-1,0.3,-5.63,0.41,4.72,4.57,1.797611237,90,1243694@1725639268,V3P4DB1N1735A,1,-44.15056229,103.1703033,0.333333343,0,0.897480369,-0.424044669,0.121305518,0.371438771,0.874980271,0.310552329,-0.237828016,-0.233657047,0.94278425,-2.044414759,-5.314734936
18,Fri Sep 06 2024 4:14:42 PM,1725639282,TwoSeamFastball,N,12.01,16.08,84.19,1936.7,1882.2,97.2,10:22,0.5,7.6,0,-,-,14.3,-17.2,-5.18,-0.84,4.69,4.29,2.198892593,-13.62,1243694@1725639282,V3P4DB1N1735A,0.5,24.44335175,-18.35085297,0,0,-0.225241855,0.641760647,0.733082056,-0.267592847,0.682733953,-0.679903269,-0.93683511,-0.349310219,0.017950352,-1.879515052,-6.860730171
19,Fri Sep 06 2024 4:14:54 PM,1725639294,Cutter,Y,-0.8,29.97,78.28,1937.8,1015.4,52.4,1:44,0.5,7.1,3.3,-,-,6.9,9,-4.96,0.79,4.88,4.24,1.906394958,58.4,1243694@1725639294,V3P4DB1N1735A,0.5,-21.5820446,137.6851196,1,0,0.578980744,0.419056445,-0.699409008,-0.766526461,-0.012596888,-0.642089009,-0.27788201,0.907872677,0.313924551,-4.343241215,-6.185721397
20,Fri Sep 06 2024 4:15:07 PM,1725639307,ChangeUp,N,17.85,29.06,76.82,2075.2,-,-,2:30,1,0,15.1,-,-,-,-,-3.96,-2.04,3.29,3.09,-,-90,1243694@1725639307,V3P4DB1N1735A,1,11.23038197,29.36859131,1,0,0.587477803,0.243918449,0.771604538,-0.764220476,-0.146370888,0.628126264,0.266152084,-0.958686233,0.100417852,-0.241753563,-0.247371376
21,Fri Sep 06 2024 4:15:18 PM,1725639318,Cutter,Y,9.04,33.78,73.87,2169.8,-,-,11:00,1,24.8,-1.3,-,-,-,-,-3.51,0.65,4.01,3.81,-,-90,1243694@1725639318,V3P4DB1N1735A,1,38.73242188,100.8275833,1,0,-0.610670209,0.732207954,-0.301584572,-0.738727033,-0.663929045,-0.116105251,-0.285243958,0.151886657,0.94634366,-3.786152124,-3.921853781
22,Fri Sep 06 2024 4:15:29 PM,1725639329,-,N,-,-,74.69,-,-,-,-,-,-,-,-,-,-,-,-,-,-,-,-,-,1243694@1725639329,V3P4DB1N1735A,0,0,0,0,0,0,0,0,0,0,0,0,0,0,-3.231910467,-6.928868771
23,Fri Sep 06 2024 4:15:40 PM,1725639340,ChangeUp,N,15.34,14.01,76.49,2232.1,2225.7,99.7,3:10,0.5,14.6,10.2,-,-,-2.8,23.7,-4.15,-0.7,4.28,4.14,2.434791565,4.34,1243694@1725639340,V3P4DB1N1735A,0.5,40.49347687,116.5120544,0,0,-0.095837437,-0.176557139,-0.979613543,0.753831744,-0.655565202,0.044404641,-0.650040567,-0.734208226,0.195922151,-2.150112152,-6.541388988
24,Fri Sep 06 2024 4:15:52 PM,1725639352,ChangeUp,N,-15.56,16.57,78.13,2228.9,2227.5,99.9,2:58,1,1.6,19.7,-,-,0.1,26.4,-7.86,0.53,4.6,4.37,1.882959366,2.01,1243694@1725639352,V3P4DB1N1735A,1,21.88911438,40.21544647,1,0,0.15190345,0.023795901,-0.988108814,0.490986943,0.865824521,0.096331164,0.857821107,-0.499781549,0.119838268,-4.171011925,-7.858837605
25,Fri Sep 06 2024 4:16:06 PM,1725639366,TwoSeamFastball,Y,3.63,25.96,83.95,2218,2214.5,99.8,2:30,1,6,21.3,-,-,6,25.3,-6.14,0.37,4.72,4.16,2.037025452,3.25,1243694@1725639366,V3P4DB1N1735A,1,-4.925258636,73.79695892,1,0,-0.249146685,0.0655936,-0.966241837,-0.19051604,0.974888861,0.115305424,0.949541688,0.212812558,-0.230393693,-1.982144117,-6.403802395
26,Fri Sep 06 2024 4:16:18 PM,1725639378,-,N,-,-,84.01,-,-,-,-,-,-,-,-,-,-,-,-,-,-,-,-,-,1243694@1725639378,V3P4DB1N1735A,0,0,0,0,0,0,0,0,0,0,0,0,0,0,0.546010196,-3.031080484
27,Fri Sep 06 2024 4:16:32 PM,1725639392,Cutter,Y,-1.9,23.7,77.6,2777.4,2505,90.2,11:26,0.5,17.2,2.7,-,-,22.5,-6.5,-5,-0.39,4.72,4.12,2.319063187,-25.59,1243694@1725639392,V3P4DB1N1735A,0.5,-2.216555119,49.30413437,1,0,0.935542285,-0.274958491,0.221717253,0.322530508,0.920903385,-0.218885675,-0.143995702,0.276287377,0.950226605,-4.464281559,-6.087507725
28,Fri Sep 06 2024 4:16:43 PM,1725639403,-,N,-,-,79.11,-,-,-,-,-,-,-,-,-,-,-,-,-,-,-,-,-,1243694@1725639403,V3P4DB1N1735A,0,0,0,0,0,0,0,0,0,0,0,0,0,0,-2.731983185,-4.630664825
29,Fri Sep 06 2024 4:16:56 PM,1725639416,TwoSeamFastball,Y,2.46,20.05,84.55,2280.2,2276,99.8,2:30,1,13.8,14.3,-,-,6.5,25.9,-5.69,-1.17,4.79,4.25,1.981735229,-3.46,1243694@1725639416,V3P4DB1N1735A,1,1.651706696,75.3132782,0.333333343,0,-0.265458047,-0.052375179,-0.962698698,0.08149942,0.993730366,-0.076536387,0.960671544,-0.098776594,-0.25952515,-2.978038073,-5.816734314
30,Thu Sep 12 2024 6:15:53 PM,1726164953,TwoSeamFastball,Y,2.92,25.94,88.83,2235.5,2215.9,99.1,2:30,1,11.6,23.5,-,-,5.9,24.7,-5.5,-0.72,4.79,3.33,2.055961609,-7.6,1243694@1726164953,V3P4DB1N1735A,1,-14.2840786,81.57820129,1,0,-0.302451491,-0.327156633,-0.895260513,-0.340398222,0.914386988,-0.219147101,0.890309989,0.238463715,-0.387921274,-0.961495996,-5.290074348
31,Thu Sep 12 2024 6:16:33 PM,1726164993,Slider,N,11.55,29.84,78.6,594.1,593.1,99.8,10:36,0.5,16.8,-5.6,-,-,7,-6.3,-2.59,0.57,4.43,3.76,2.309537888,-3.36,1243694@1726164993,V3P4DB1N1735A,0.5,25.55853653,132.4259186,1,0,0.640657842,0.428158194,-0.637368023,-0.392240405,0.896106482,0.207703218,0.660079479,0.116934806,0.742038608,-3.729077816,-5.42845726
32,Thu Sep 12 2024 6:16:46 PM,1726165006,TwoSeamFastball,Y,2.82,27.01,82.15,2174.2,2169.9,99.8,2:36,1,3.5,23.5,-,-,4.4,23.1,-6.16,0.88,4.54,3.93,2.056879044,3.61,1243694@1726165006,V3P4DB1N1735A,1,16.86823273,71.96515656,0.5,0,-0.186621875,0.275121152,-0.943122685,0.417461485,0.891215265,0.177373156,0.889324367,-0.3606157,-0.281172723,-1.672260642,-6.213676929
33,Thu Sep 12 2024 6:17:50 PM,1726165070,TwoSeamFastball,N,-10.42,34.78,86.42,2320.7,2319.2,99.9,2:30,1,-6.1,26.3,-,-,6,23.7,-6.28,0.42,4.88,3.28,1.928436279,2.04,1243694@1726165070,V3P4DB1N1735A,1,-5.832284927,90.21520996,1,0,-0.48149544,-0.027504191,-0.876016974,-0.270715445,0.95530051,0.118803039,0.833591878,0.294354439,-0.467418611,-1.305450082,-7.76600647
34,Thu Sep 12 2024 6:18:08 PM,1726165088,TwoSeamFastball,N,-21.73,24.61,80.98,2253.3,2248.1,99.8,2:34,1,4.2,21.6,-,-,5.3,24.4,-7.28,0.62,4.63,3.15,1.876741409,3.92,1243694@1726165088,V3P4DB1N1735A,1,11.93777466,69.32750702,0.5,0,-0.166340664,0.24408941,-0.955379963,0.270642966,0.942971289,0.193797588,0.948199809,-0.226330459,-0.22291556,-3.251820803,-6.469464302
35,Thu Sep 12 2024 6:18:30 PM,1726165110,TwoSeamFastball,N,-10.98,27.08,87.14,2226.3,2222.3,99.8,2:32,1,1.1,20.9,-,-,5.2,23.5,-6.18,0.46,4.82,3.06,1.908754349,-3.41,1243694@1726165110,V3P4DB1N1735A,1,-6.726341248,89.56497955,1,0,-0.496008903,-0.141393989,-0.856727898,-0.210013881,0.976894557,-0.039637141,0.842537284,0.160264373,-0.514243126,-2.209100723,-6.339067936
36,Thu Sep 12 2024 6:18:53 PM,1726165133,Slider,N,-3.39,7.57,81.34,921.5,794,40.7,6:00,1,9.3,3.3,-,-,5.8,5.9,-3.87,-1.77,4.91,3,2.013141632,20.42,1243694@1726165133,V3P4DB1N1735A,1,3.27448082,95.50701904,0.0625,0,-0.341586679,0.40318045,0.848978043,-0.186780766,0.856172502,-0.481748402,-0.921103239,-0.32313168,-0.217150748,-3.244411945,-7.795670033
37,Thu Sep 12 2024 6:19:18 PM,1726165158,Slider,Y,-0.51,20.54,78.97,2324.3,208.6,9,11:38,1,12.8,-2.5,-,-,1.5,-1.4,-3.3,-0.2,4.48,3.18,2.059335709,84.85,1243694@1726165158,V3P4DB1N1735A,1,-31.66399384,59.66619492,1,0,0.667675138,0.717173278,0.199680775,-0.719315529,0.55237788,0.42126447,0.191820413,-0.424901307,0.884682894,-3.779399157,-6.128184795
38,Thu Sep 12 2024 6:19:53 PM,1726165193,TwoSeamFastball,N,14.72,13.82,88.37,2129.9,2107.6,99,2:38,1,-1.5,17.9,-,-,3.6,21.8,-3.71,-1.31,4.81,3,1.9985466,-8.29,1243694@1726165193,V3P4DB1N1735A,1,6.599743843,85.55220795,1,0,-0.453978896,-0.084921196,-0.886956394,0.34807846,0.899443805,-0.264276922,0.82021004,-0.428706527,-0.378769219,-0.251105517,-8.521518707
39,Thu Sep 12 2024 6:20:13 PM,1726165213,TwoSeamFastball,Y,-2.09,24.49,86.71,2241.9,2241.6,100,2:32,1,8.9,19,-,-,5.4,22.9,-5.08,-0.46,4.82,2.91,2.005552292,-0.92,1243694@1726165213,V3P4DB1N1735A,1,-9.221335411,81.11257172,1,0,-0.343120217,-0.120730139,-0.931500137,-0.280814916,0.959533811,-0.020924654,0.896332085,0.254399508,-0.363138258,-1.419570327,-5.892821312
40,Thu Sep 12 2024 6:20:45 PM,1726165245,TwoSeamFastball,N,-0.51,8.48,81.62,2082.6,2082.3,100,2:32,1,5.2,22.3,-,-,5.2,23.3,-5.38,-0.84,4.59,3.08,1.902555466,-0.98,1243694@1726165245,V3P4DB1N1735A,1,10.17626858,48.20930481,1,0,0.192131892,0.018560166,-0.981193483,0.21872437,0.973862469,0.061250873,0.956684232,-0.226379201,0.183050498,-1.116923094,-7.949734688
41,Thu Sep 12 2024 6:21:01 PM,1726165261,TwoSeamFastball,Y,-2.54,26.75,88.03,2149.3,2149,100,2:26,1,6.6,20,-,-,6.3,21.6,-5.38,-0.24,4.85,3.05,2.044071198,-0.87,1243694@1726165261,V3P4DB1N1735A,1,-4.130843639,85.13449097,1,0,-0.384940475,-0.052991211,-0.921418786,-0.136641815,0.990620553,0.000113726,0.912770391,0.125948116,-0.388570756,-1.553011656,-5.756296635
42,Thu Sep 12 2024 6:21:35 PM,1726165295,Slider,Y,0.35,34.11,79.05,2382.5,2379.3,99.9,9:00,1,17.4,-4.1,-,-,-0.7,-26.9,-3,0.85,4.48,3.12,1.992702484,-2.99,1243694@1726165295,V3P4DB1N1735A,1,34.58478928,50.73553467,1,0,0.293215632,0.674104214,0.677943945,-0.054433502,0.719733059,-0.692113698,-0.95449537,0.166035652,0.247730836,-3.807129145,-4.852582455
43,Thu Sep 12 2024 6:21:50 PM,1726165310,TwoSeamFastball,Y,4.26,18.75,86.87,2346,2345.6,100,2:28,1,5,23.9,-,-,5.9,23.3,-5.05,-0.77,4.86,2.96,2.141714096,-0.98,1243694@1726165310,V3P4DB1N1735A,1,-0.322759956,83.1350708,1,0,-0.390644073,-0.013389138,-0.92044425,-0.004092395,0.999909639,-0.012808222,0.920532465,-0.001236637,-0.390663534,-0.419651389,-6.778457165
44,Thu Sep 12 2024 6:22:14 PM,1726165334,TwoSeamFastball,Y,9.31,34.85,87.23,2239.4,2239.3,100,2:32,1,6.3,23.3,-,-,5.2,22.6,-4.42,0.64,4.76,2.89,2.025848389,0.56,1243694@1726165334,V3P4DB1N1735A,1,9.401796341,3.634177446,1,0,0.818490863,-0.026921201,-0.573888361,0.138292015,0.978763163,0.15132083,0.557627082,-0.203218907,0.804831743,0.006220153,-4.940133095
45,Thu Sep 12 2024 6:22:42 PM,1726165362,Slider,N,-0.93,17.39,77.74,2090.3,297.5,14.2,11:18,1,11.6,-6,-,-,2.6,-2.1,-2.8,-0.33,4.67,3,1.972675323,81.82,1243694@1726165362,V3P4DB1N1735A,1,-34.58798981,67.53201294,0.5,0,0.696737051,0.704841435,0.133251637,-0.706984043,0.643308759,0.293815136,0.121371165,-0.298918694,0.946528733,-3.958952665,-7.062967777
46,Thu Sep 12 2024 6:32:59 PM,1726165979,TwoSeamFastball,N,-8.97,12.32,82.21,1978.1,1138.7,57.6,1:48,1,7.1,4.1,-,-,6.9,9.8,-5.28,-1.02,4.67,3.73,2.133377075,54.85,1243694@1726165979,V3P4DB1N1735A,1,-21.80276108,22.41217804,1,0,0.865194798,0.453934282,-0.213029444,-0.256276399,0.765461087,0.590247095,0.43099916,-0.456084311,0.77860564,-4.504903316,-7.223823071
47,Thu Sep 12 2024 6:33:13 PM,1726165993,TwoSeamFastball,N,13.93,30.07,86.85,2166.4,2163.7,99.9,2:28,1,7.3,25,-,-,6.3,23.3,-5.24,0.23,4.8,3.87,2.097129822,-2.83,1243694@1726165993,V3P4DB1N1735A,1,-1.389407516,94.8639679,1,0,-0.556222022,-0.045683645,-0.829776943,-0.027121173,0.998953938,-0.03681767,0.830590844,0.002025722,-0.556879163,-0.361411273,-5.633617401
48,Thu Sep 12 2024 6:33:28 PM,1726166008,TwoSeamFastball,N,28.4,3.68,78.75,1950.4,1005.1,51.5,2:26,0.5,17,1.3,-,-,3,11.3,-2.52,-0.89,4.34,3.68,2.41402626,-58.98,1243694@1726166008,V3P4DB1N1735A,0.5,-24.88499069,89.14091492,0,0,-0.446765929,-0.887472153,-0.11310561,0.4924604,-0.138401404,-0.859259844,0.74691534,-0.439588219,0.498878241,-2.256142378,-6.144396305
49,Thu Sep 12 2024 6:33:44 PM,1726166024,Cutter,N,32.84,47.07,88.04,1366.5,1345,98.4,11:42,0.5,10.2,24.7,-,-,15.1,-2.4,-3.34,1.57,4.62,3.67,2.394117355,10.16,1243694@1726166024,V3P4DB1N1735A,0.5,20.85690308,41.59549332,0,0,0.879788518,0.383288354,0.281179905,-0.462236673,0.827838004,0.317838669,-0.110947527,-0.409602523,0.905492365,1.644106865,-3.520663738
50,Thu Sep 12 2024 6:34:17 PM,1726166057,TwoSeamFastball,Y,9.13,37.13,85.89,2172,2117.7,97.5,2:24,1,2.2,24.4,-,-,6.8,23,-4.79,1.56,4.74,3.13,1.99924469,12.84,1243694@1726166057,V3P4DB1N1735A,1,-1.380726337,94.05175018,1,0,-0.507949173,0.214907587,-0.834147513,-0.345970571,0.835936487,0.426045239,0.788854718,0.504999936,-0.350261509,-0.010074604,-5.668384552
51,Thu Sep 12 2024 6:34:32 PM,1726166072,TwoSeamFastball,Y,-9.05,24.68,81.21,2100.8,2099.9,100,2:32,1,2.1,22,-,-,5.4,23.8,-6.22,1.03,4.64,3.17,1.912918091,1.69,1243694@1726166072,V3P4DB1N1735A,1,17.67047119,65.46465302,1,0,-0.046005085,0.216500387,-0.975197911,0.410954028,0.893897474,0.179064289,0.910494447,-0.392523646,-0.130095556,-1.94558239,-7.233335018
52,Thu Sep 12 2024 6:34:49 PM,1726166089,TwoSeamFastball,N,27.39,41.58,86.63,2272.6,2272.3,100,2:22,1,15,26.2,-,-,7.3,22.2,-3.15,0.5,4.84,2.97,2.120315552,0.82,1243694@1726166089,V3P4DB1N1735A,1,12.3585701,10.01354122,1,0,0.808145583,-0.013178815,-0.588835299,0.162558183,0.965908349,0.201484427,0.566105664,-0.258548766,0.782736838,1.98558557,-3.810602665
53,Thu Sep 12 2024 6:35:04 PM,1726166104,Slider,N,2.44,13.95,77.75,2291.6,498.2,21.7,11:54,1,11.9,-2.2,-,-,4.8,-1,-2.93,-0.59,4.49,3.04,2.212423325,77.44,1243694@1726166104,V3P4DB1N1735A,1,-28.80534172,79.60453033,0.333333343,0,0.600467563,0.798869014,-0.035313081,-0.78845489,0.598847449,0.140429944,0.133332282,-0.056480855,0.989460647,-3.353484392,-7.156157017
54,Thu Sep 12 2024 6:35:30 PM,1726166130,ChangeUp,Y,7.8,19.44,76.17,2558.9,2524,98.6,0:04,1,9.1,-2.4,-,-,23.9,1.1,-2.45,0.49,4.36,3.06,2.25069046,-9.47,1243694@1726166130,V3P4DB1N1735A,1,-17.07946968,151.6210175,1,0,-0.32899946,-0.407087058,-0.852079332,0.096511438,0.883091509,-0.459167659,0.939385176,-0.233301386,-0.251248032,-2.924309492,-7.04662323
55,Thu Sep 12 2024 6:35:57 PM,1726166157,TwoSeamFastball,Y,4.93,32.89,87.07,2222.2,2211.3,99.5,2:24,1,10.5,21.4,-,-,6.5,21.8,-4.65,-0.02,4.91,2.86,2.15174675,5.66,1243694@1726166157,V3P4DB1N1735A,1,-0.22199735,7.108034134,1,0,0.819009125,0.05388137,-0.571245015,0.020178527,0.992260456,0.122523166,0.573425591,-0.111874476,0.811583161,-0.474179238,-5.034800053
56,Thu Sep 12 2024 6:36:32 PM,1726166192,Slider,Y,-7.8,24.15,76.75,2131.4,569.2,26.7,0:02,1,11.5,2.6,-,-,5.8,-0.6,-5.49,0.59,4.47,4.11,2.252439499,74.51,1243694@1726166192,V3P4DB1N1735A,1,-38.64160538,75.04525757,1,0,0.740448117,0.67179507,-0.020685202,-0.662244439,0.734484792,0.148203626,0.114755444,-0.096038446,0.988740444,-4.985517025,-6.515417099
57,Thu Sep 12 2024 6:36:51 PM,1726166211,TwoSeamFastball,N,15.28,18.06,87.02,2156.3,2156.2,100,2:36,0.5,5.4,26.1,-,-,3.6,19.6,-5.62,-0.45,4.46,4.08,-,-0.54,1243694@1726166211,V3P4DB1N1735A,0.5,-3.680486679,93.11915588,0.5,0,-0.592903495,-0.069709308,-0.802250624,-0.143070862,0.989515305,0.01975541,0.792462111,0.12649174,-0.596660435,-0.250703961,-6.75843811
58,Thu Sep 12 2024 6:37:21 PM,1726166241,Slider,N,-21.94,21.42,77.25,2242.7,363.6,16.2,10:34,1,9.7,-12,-,-,2.2,-3.4,-5.61,0.56,4.42,4.26,2.21805191,80.67,1243694@1726166241,V3P4DB1N1735A,1,-32.16314316,63.33934021,1,0,0.686229527,0.675074518,0.270856947,-0.721255064,0.583269656,0.373614192,0.094234802,-0.451742053,0.887157738,-7.971532345,-6.885084152
59,Thu Sep 12 2024 6:37:38 PM,1726166258,TwoSeamFastball,Y,1.91,20.46,85.7,2129.6,2129.4,100,2:36,1,3.6,22.3,-,-,4.6,23.5,-6.52,-0.17,4.63,4.22,2.222728729,-0.78,1243694@1726166258,V3P4DB1N1735A,1,1.533387542,93.65247345,1,0,-0.60079968,0.034987766,-0.798633397,0.053199358,0.998576939,0.003726135,0.79762727,-0.040248133,-0.601806045,-2.209748983,-6.603940964
60,Thu Sep 12 2024 6:37:55 PM,1726166275,-,Y,-,-,79.49,-,-,-,-,-,-,-,-,-,-,-,-,-,-,-,-,-,1243694@1726166275,V3P4DB1N1735A,0,0,0,0,0,0,0,0,0,0,0,0,0,0,-5.131175995,-5.916649342
61,Thu Sep 12 2024 6:38:16 PM,1726166296,TwoSeamFastball,Y,3.1,26,88.15,2265.9,2265.7,100,2:28,1,13,23.1,-,-,6.3,23.4,-6.45,-0.99,4.79,4.14,2.35717392,-0.75,1243694@1726166296,V3P4DB1N1735A,1,-8.061510086,89.65048981,1,0,-0.450373143,-0.134959981,-0.882581115,-0.271967202,0.9622702,-0.008363173,0.850410163,0.236266598,-0.470085293,-1.963087559,-5.042084217
62,Thu Sep 12 2024 6:38:33 PM,1726166313,TwoSeamFastball,Y,-7,32.28,89.29,2183.4,2181.9,99.9,2:28,1,5,22.2,-,-,5.8,21.7,-7.3,0.36,4.94,4.24,2.121351242,-2.12,1243694@1726166313,V3P4DB1N1735A,1,-5.52024889,81.45020294,1,0,-0.343247145,-0.07006295,-0.936628282,-0.170092821,0.985362411,-0.011374325,0.923715234,0.155409545,-0.350140035,-2.931894541,-5.754129887
63,Sat Sep 21 2024 4:01:27 PM,1726934487,Slider,N,15.13,26.21,77.9,2025.5,627.4,31,0:00,0.5,12.6,2.9,-,-,6.1,-0.5,-2.73,0.28,4.55,3.45,-,71.96,1243694@1726934487,V3P4DB1N1735A,0.5,21.034832,51.07494354,1,0,0.344242036,0.78599453,0.513526917,-0.748389363,-0.100557014,0.655592322,0.56693083,-0.61000061,0.55361408,-2.141835928,-5.975307941
64,Sat Sep 21 2024 4:01:42 PM,1726934502,ChangeUp,N,12.48,17.61,79.88,2116.1,2116.1,100,2:26,1,8.2,16.4,-,-,6.4,22,-4.31,0.17,4.24,3.64,1.994310379,-0.27,1243694@1726934502,V3P4DB1N1735A,1,19.25274086,48.4776268,1,0,0.28880766,0.088758111,-0.953263938,0.370615602,0.907697082,0.196799755,0.882742405,-0.410131752,0.229254737,-1.171397209,-6.541193962
65,Sat Sep 21 2024 4:02:15 PM,1726934535,-,Y,-,-,76.25,-,-,-,-,-,-,-,-,-,-,-,-,-,-,-,-,-,1243694@1726934535,V3P4DB1N1735A,0,0,0,0,0,0,0,0,0,0,0,0,0,0,-6.135247231,-7.171175957
66,Sat Sep 21 2024 4:02:38 PM,1726934558,Slider,N,-14.94,26.73,78.46,2183.1,759.9,34.8,11:44,1,-0.8,-10.4,-,-,8.1,-1.8,-5.88,0.69,4.45,4.17,2.000768661,69.63,1243694@1726934558,V3P4DB1N1735A,1,-39.99213409,100.3220596,1,0,0.791570127,0.575306714,-0.206007093,-0.608307481,0.773921072,-0.176091135,0.058126818,0.264704138,0.96257627,-7.870422363,-8.13192749
67,Sat Sep 21 2024 4:02:52 PM,1726934572,TwoSeamFastball,Y,-2.35,33.62,86.88,2179.8,2179.7,100,2:22,1,10.5,16.6,-,-,6.5,20.8,-6.08,0.4,4.62,3.98,2.108575821,0.61,1243694@1726934572,V3P4DB1N1735A,1,-3.39207077,70.05075836,1,0,-0.120266758,0.033572167,-0.992173612,-0.113824606,0.992370665,0.047376148,0.986194491,0.118631572,-0.115527861,-2.878601313,-4.679421902
68,Sat Sep 21 2024 4:03:10 PM,1726934590,TwoSeamFastball,N,-27.06,24.18,87.98,2248.8,2248.6,100,2:26,1,5.3,17.4,-,-,7.2,24.6,-8,-0.19,4.75,3.69,1.97168541,0.81,1243694@1726934590,V3P4DB1N1735A,1,-6.240658283,73.63581085,1,0,-0.19556275,0.000400529,-0.980691195,-0.198786274,0.979224622,0.040040515,0.96033293,0.202778354,-0.191420227,-4.724931717,-6.000439167
69,Sat Sep 21 2024 4:03:27 PM,1726934607,TwoSeamFastball,N,-11.93,37.84,89.21,2314.3,2271,98.1,2:24,1,8.4,18.5,-,-,6.7,21.7,-6.93,0.66,4.74,3.86,1.982898712,-11.11,1243694@1726934607,V3P4DB1N1735A,1,-0.558359921,76.93154144,0.333333343,0,-0.224851876,-0.188454047,-0.955994904,0.085240752,0.973552942,-0.211964011,0.97065717,-0.129150286,-0.202841207,-3.440350533,-4.323245525
70,Sat Sep 21 2024 4:03:44 PM,1726934624,TwoSeamFastball,Y,-1.59,34.78,89.07,2217.5,2217.5,100,2:30,1,8.5,17.6,-,-,5.4,21.7,-6.06,0.59,4.59,3.99,1.975673676,0.05,1243694@1726934624,V3P4DB1N1735A,1,-7.111242771,79.61764526,1,0,-0.319898725,-0.040854294,-0.946570396,-0.239285752,0.970165849,0.038995281,0.916737139,0.238975376,-0.320130676,-2.701872349,-4.558786392
71,Sat Sep 21 2024 4:04:08 PM,1726934648,TwoSeamFastball,N,13.73,32.94,87.87,2313.7,2228.6,96.3,2:28,0.5,6.7,17.9,-,-,5.8,21.1,-4.83,0.56,4.52,4.07,2.06362915,-15.59,1243694@1726934648,V3P4DB1N1735A,0.5,4.44581461,74.25942993,1,0,-0.185871616,-0.259323955,-0.947735488,0.265276015,0.915481985,-0.302524984,0.946086764,-0.30764237,-0.101369664,-1.458437324,-4.601290703
72,Sat Sep 21 2024 4:04:42 PM,1726934682,TwoSeamFastball,Y,2.48,37.26,87.94,2227.2,2174,97.6,2:24,1,7.2,17.8,-,-,6.3,21.1,-5.73,0.93,4.6,3.99,2.027637482,-12.54,1243694@1726934682,V3P4DB1N1735A,1,-6.268046856,77.01418304,1,0,-0.226667434,-0.289340496,-0.930001974,-0.052371711,0.957094252,-0.285004884,0.972562969,-0.01589556,-0.232095361,-2.352591753,-4.443714619
73,Sat Sep 21 2024 4:04:58 PM,1726934698,TwoSeamFastball,Y,-8.01,31.79,88.99,2377.4,2376.2,100,2:26,1,11.3,21,-,-,6.6,22.7,-6.86,-0.12,4.75,3.94,1.894191742,1.77,1243694@1726934698,V3P4DB1N1735A,1,6.430772305,1.269470334,0.5,0,0.869000494,-0.009036159,-0.494728744,0.094344251,0.984516859,0.147735387,0.485733837,-0.175056934,0.856398106,-2.907986403,-4.632291317
74,Sat Sep 21 2024 4:05:13 PM,1726934713,TwoSeamFastball,N,-12.92,63.7,88.16,2295.5,2295.2,100,2:26,1,11.6,18.3,-,-,6.1,22.1,-6.82,3.02,4.61,3.69,1.950521469,0.95,1243694@1726934713,V3P4DB1N1735A,1,-3.755147457,22.5334816,1,0,0.622828782,0.086618081,-0.777548432,-0.053078685,0.996240675,0.068463273,0.780555546,-0.00136965,0.625084877,-3.317150354,-1.797231078
75,Sat Sep 21 2024 4:05:36 PM,1726934736,Slider,N,-12.28,21.35,77.73,2392.3,366.6,15.3,11:12,1,7.8,-13.5,-,-,3,-3.1,-4.2,0.61,4.55,4.13,1.311351776,81.19,1243694@1726934736,V3P4DB1N1735A,1,-36.5362587,63.27753067,1,0,0.740662396,0.647200763,0.18041721,-0.66368103,0.662940204,0.346464545,0.104626283,-0.376352727,0.92054981,-6.633538246,-6.606666088
76,Sat Sep 21 2024 4:05:56 PM,1726934756,TwoSeamFastball,Y,2.65,38.33,89.05,2378.7,2375.1,99.8,2:22,1,11.8,19.4,-,-,7.3,22.1,-5.89,0.45,4.76,4.04,1.930013657,3.14,1243694@1726934756,V3P4DB1N1735A,1,-8.139982224,2.389409304,1,0,0.876794577,0.058674205,-0.477271974,-0.074972413,0.997070432,-0.015155083,0.474984527,0.049070131,0.878624916,-2.179373503,-4.110445976
77,Sat Sep 21 2024 4:06:24 PM,1726934784,Slider,Y,-5.04,36.78,77.6,2535.5,516.4,20.4,10:54,0.5,19.5,-16.8,-,-,3.4,-3.5,-3.35,1.15,4.21,3.98,2.357002258,78.25,1243694@1726934784,V3P4DB1N1735A,0.5,-37.64263916,91.1061554,0.5,0,0.737583637,0.675249636,0.002883738,-0.675190985,0.737565398,-0.010698007,-0.009350772,0.005943601,0.999938607,-6.698255062,-4.071003914
78,Sat Sep 21 2024 4:07:10 PM,1726934830,TwoSeamFastball,Y,3.17,41.87,83.25,1838.1,1838.1,100,1:16,1,20,11,-,-,17.4,14,-2.83,-0.22,5.49,2,1.642187119,0.08,1243694@1726934830,V3P4DB1N1735A,1,-21.61690521,2.53206706,1,0,0.99673444,-0.029983863,0.074976727,0.053119279,0.942787945,-0.329133928,-0.060818452,0.33204183,0.941301942,-0.766335189,-4.262060165
79,Sat Sep 21 2024 4:16:00 PM,1726935360,ChangeUp,N,28.09,34.61,83.46,2132.7,2109.6,98.9,2:36,0.5,16.3,18.5,-,-,3.8,20.6,-3.51,0.03,4.68,3.96,2.290830612,-8.45,1243694@1726935360,V3P4DB1N1735A,0.5,7.021597385,96.546875,0,0,-0.57634294,0.02875809,-0.816701531,0.425707489,0.863636553,-0.270009339,0.697568297,-0.503294051,-0.509993315,0.118031658,-4.25682497
80,Sat Sep 21 2024 4:16:41 PM,1726935401,ChangeUp,N,-12.15,20.51,81.77,2021.4,1129.7,55.9,1:36,1,12,4.6,-,-,7.6,8.8,-5.15,-0.65,4.8,3.34,1.974624634,56.02,1243694@1726935401,V3P4DB1N1735A,1,21.46933174,41.78308487,1,0,0.600948334,0.799247146,0.008067881,-0.188796178,0.13213183,0.973086417,0.776670575,-0.58629787,0.230299205,-4.265622616,-6.370659828
81,Sat Sep 21 2024 4:16:58 PM,1726935418,TwoSeamFastball,N,-12.36,20.4,87.27,2265.3,2263.1,99.9,2:26,1,2.9,17.8,-,-,6.4,22.5,-6.39,-0.1,4.63,3.41,1.87415123,2.53,1243694@1726935418,V3P4DB1N1735A,1,-6.044190884,85.88513947,1,0,-0.395934433,-0.008319146,-0.918241024,-0.255517453,0.961465359,0.101465292,0.882012784,0.274800241,-0.382802933,-3.021809578,-6.517002106
82,Sat Sep 21 2024 4:17:15 PM,1726935435,TwoSeamFastball,N,-11.36,28.48,87.5,2248.1,2246.5,99.9,2:24,1,8.3,18.6,-,-,6.9,22.5,-6.26,0.04,4.69,3.33,1.803442001,-2.2,1243694@1726935435,V3P4DB1N1735A,1,3.485075712,88.412117,1,0,-0.42617023,0.053239912,-0.903075039,0.117488384,0.99306941,0.003101494,0.896981359,-0.104779057,-0.429471701,-2.778429747,-5.250620365
83,Sat Sep 21 2024 4:17:40 PM,1726935460,Slider,Y,-1.05,20.37,78.63,2293.2,681.2,29.7,11:40,1,12.1,-2,-,-,6.3,-2,-3.74,0.3,4.24,3.48,2.121572495,72.72,1243694@1726935460,V3P4DB1N1735A,1,-35.51535416,74.26438904,1,0,0.761537671,0.648119748,0.001039794,-0.639672875,0.751352489,0.16213581,0.104302183,-0.124137655,0.986767888,-4.127934456,-6.387503624
84,Sat Sep 21 2024 4:18:03 PM,1726935483,TwoSeamFastball,N,-6.41,46.33,87.8,2251.9,2248,99.8,2:28,1,13.7,18.1,-,-,5.8,21.3,-5.91,1.18,4.62,3.35,2.107261658,3.39,1243694@1726935483,V3P4DB1N1735A,1,2.379591465,20.67777061,0.333333343,0,0.643673301,0.080621362,-0.76104188,0.046018757,0.98855865,0.143645152,0.763915479,-0.127482742,0.632598758,-2.412749529,-3.080954075
85,Sat Sep 21 2024 4:18:21 PM,1726935501,TwoSeamFastball,Y,3.98,25.96,88.16,2215.6,2214.6,100,2:24,1,7.6,17.2,-,-,6.7,21.5,-5.03,0.06,4.5,3.53,1.957937241,1.76,1243694@1726935501,V3P4DB1N1735A,1,3.111567497,92.63170624,1,0,-0.496091038,0.112167478,-0.860994816,0.045073166,0.993610382,0.10347376,0.867099762,0.012524646,-0.497976959,-1.717289686,-5.468871117
86,Sat Sep 21 2024 4:18:47 PM,1726935527,ChangeUp,Y,1.38,19.58,80.69,2125.3,2124.6,100,2:32,1,4.4,17,-,-,5.2,22.9,-5.44,0.59,4.33,3.72,1.925004959,1.52,1243694@1726935527,V3P4DB1N1735A,1,21.38790131,64.98213959,0.5,0,0.003455488,0.21238485,-0.977180004,0.492083669,0.850324273,0.186553568,0.870541036,-0.481498957,-0.101572856,-2.195700407,-6.840252399
87,Sat Sep 21 2024 4:19:08 PM,1726935548,TwoSeamFastball,Y,-5.8,24.25,86.93,2127.5,2126.7,100,2:22,1,10.5,15.6,-,-,6.6,21.1,-5.82,-0.48,4.59,3.57,2.019769669,-1.53,1243694@1726935548,V3P4DB1N1735A,1,3.764892817,86.45456696,1,0,-0.389407456,0.055466335,-0.919394076,0.121317975,0.992577314,0.008497451,0.913040996,-0.108230047,-0.393246055,-2.864483833,-5.332741261
88,Sat Sep 21 2024 4:35:34 PM,1726936534,ChangeUp,Y,6.15,32.14,84.14,2095.4,2095.3,100,2:28,1,6.4,15.7,-,-,5.4,20.4,-5.14,0.78,4.61,3.84,2.290021896,0.66,1243694@1726936534,V3P4DB1N1735A,1,-3.428405523,86.98841095,1,0,-0.436579347,-0.001215048,-0.899664938,-0.15679127,0.984798491,0.074755892,0.885897815,0.173696488,-0.430133224,-2.065589666,-5.414531708
89,Sat Sep 21 2024 4:36:15 PM,1726936575,ChangeUp,N,-10.88,33.72,85.08,2211.8,2173.3,98.3,2:26,1,5.9,18.8,-,-,6.3,22,-6.25,0.86,4.75,3.3,1.924419403,-10.71,1243694@1726936575,V3P4DB1N1735A,1,-5.343831539,95.76825714,0.5,0,-0.543139398,-0.221551001,-0.809885502,-0.028741816,0.968900561,-0.245775566,0.839150369,-0.11021284,-0.53261584,-2.684393644,-5.375518799
90,Sat Sep 21 2024 4:36:29 PM,1726936589,Slider,Y,8.29,18.25,77.87,1912.8,1865.1,97.5,3:04,1,1.9,13.3,-,-,-1,22.8,-4.31,0.83,4.44,3.59,1.814193726,-12.82,1243694@1726936589,V3P4DB1N1735A,1,17.35772514,56.14797974,1,0,-0.126279384,-0.280982107,-0.95136869,0.472193718,0.826400399,-0.306749731,0.872402668,-0.487966567,0.028320642,-1.806912541,-7.483776093
91,Sat Sep 21 2024 4:36:46 PM,1726936606,ChangeUp,Y,-0.49,33.93,84.79,2067.7,2065.8,99.9,2:22,1,3.3,21.1,-,-,6.6,21.1,-5.78,1.22,4.64,3.54,1.936315536,2.42,1243694@1726936606,V3P4DB1N1735A,1,1.931327105,88.01557159,1,0,-0.425382465,0.129976407,-0.895631552,-0.02602114,0.987467468,0.155662686,0.904639542,0.089521535,-0.41666925,-1.787749529,-5.463359356
92,Sat Sep 21 2024 4:37:23 PM,1726936643,TwoSeamFastball,Y,-0.96,26.48,85.19,2231.7,2231.7,100,2:38,1,9.6,23.4,-,-,4.1,22.6,-6.01,-0.09,4.73,3.47,2.069604874,0.03,1243694@1726936643,V3P4DB1N1735A,1,18.66758156,35.92088699,1,0,0.376770318,0.019681619,-0.926097572,0.357786417,0.919093609,0.165093333,0.854419708,-0.393547416,0.339245349,-1.452012539,-5.786916733
93,Sat Sep 21 2024 4:37:44 PM,1726936664,TwoSeamFastball,N,-14.14,18.39,86.21,2232.3,2181.6,97.7,2:30,1,8.5,19.4,-,-,5.4,21.9,-8.07,-0.68,4.71,4.65,2.009614944,-12.24,1243694@1726936664,V3P4DB1N1735A,1,24.79880142,33.74404144,1,0,0.519666851,-0.176912963,-0.835851789,0.410704523,0.909601748,0.062821157,0.74917829,-0.375934154,0.545348823,-4.300771713,-6.645285606
94,Sat Sep 21 2024 4:37:59 PM,1726936679,-,Y,-,-,-,-,-,-,-,-,-,-,-,-,-,-,-,-,-,-,-,-,1243694@1726936679,V3P4DB1N1735A,0,0,0,0,0,0,0,0,0,0,0,0,0,0,-,-
95,Sat Sep 21 2024 4:38:38 PM,1726936718,-,Y,-,-,77.7,-,-,-,-,-,-,-,-,-,-,-,-,-,-,-,-,-,1243694@1726936718,V3P4DB1N1735A,0,0,0,0,0,0,0,0,0,0,0,0,0,0,-18.68442535,-26.3543396
96,Sat Sep 21 2024 4:38:55 PM,1726936735,TwoSeamFastball,N,-19.44,19.9,85.59,2257.1,2255.5,99.9,2:22,1,13.1,23,-,-,7.2,22.4,-8.71,-1.09,4.75,4.54,1.924646378,-2.2,1243694@1726936735,V3P4DB1N1735A,1,-5.343804836,6.824045658,1,0,0.834650993,0.013196779,-0.550621092,-0.068206012,0.994494438,-0.079553962,0.546539724,0.103955455,0.830955863,-4.400615692,-5.78254509
97,Sat Sep 21 2024 4:39:11 PM,1726936751,TwoSeamFastball,Y,-0.66,28.33,86.13,2282.4,2281.8,100,2:20,1,11.3,18.5,-,-,7,20.5,-6.56,-0.01,4.45,4.35,2.256671906,-1.3,1243694@1726936751,V3P4DB1N1735A,1,-7.032189369,88.49472046,1,0,-0.385191441,-0.099360794,-0.917472064,-0.235163063,0.971934021,-0.006528098,0.892370999,0.213240981,-0.397746682,-2.985915422,-4.862539291
98,Sat Sep 21 2024 4:39:37 PM,1726936777,TwoSeamFastball,N,19.85,43.85,86.28,2338.3,-,-,3:00,1,20.5,22.2,-,-,-0.7,0.1,-4.96,0.49,4.58,4.22,-,-90,1243694@1726936777,V3P4DB1N1735A,1,-41.25691986,74.66955566,0.0625,0,0.427966833,-0.832140148,0.352685422,0.679007947,0.553575575,0.482184827,-0.596483409,0.033117153,0.801941872,-0.440365404,-2.827245235
99,Sat Sep 21 2024 4:40:12 PM,1726936812,-,N,-,-,-,-,-,-,-,-,-,-,-,-,-,-,-,-,-,-,-,-,1243694@1726936812,V3P4DB1N1735A,0,0,0,0,0,0,0,0,0,0,0,0,0,0,-,-
100,Sat Sep 21 2024 4:40:33 PM,1726936833,TwoSeamFastball,N,30.12,33.31,87.13,2219.8,-,-,3:14,1,0,7.7,-,-,-,-,-2.43,-1.43,3.97,3.85,-,90,1243694@1726936833,V3P4DB1N1735A,1,21.14642334,70.7633667,1,0,0.580840707,0.417338431,0.698893785,-0.239129171,0.908172131,-0.343570292,-0.778100967,0.032433711,0.627301216,-0.508684933,-1.508887529
101,Sat Sep 21 2024 4:41:04 PM,1726936864,-,N,-,-,76.33,-,-,-,-,-,-,-,-,-,-,-,-,-,-,-,-,-,1243694@1726936864,V3P4DB1N1735A,0,0,0,0,0,0,0,0,0,0,0,0,0,0,-5.621409893,-1.959060669
102,Sat Sep 21 2024 4:41:23 PM,1726936883,Slider,N,-18.16,30.07,82.69,2268.5,1408.5,62.1,1:44,1,12.8,11.3,-,-,8.4,11.3,-7.43,0.22,4.74,4.42,1.934604645,51.62,1243694@1726936883,V3P4DB1N1735A,1,4.5879879,64.25556946,1,0,0.184896111,0.946137607,-0.265776187,-0.515552998,0.323620111,0.793394685,0.836671114,-0.009673906,0.547620237,-5.265591621,-5.396502972
103,Sat Sep 21 2024 4:41:48 PM,1726936908,TwoSeamFastball,Y,5.22,40.61,86.32,2205.4,2203.6,99.9,2:34,1,7.3,17.1,-,-,5,24.6,-5.75,1.16,4.82,4.47,1.504339218,-2.31,1243694@1726936908,V3P4DB1N1735A,1,-6.019126415,99.3526001,1,0,-0.641440511,-0.13781476,-0.754692495,-0.252636492,0.966807842,0.038175724,0.724381506,0.215150356,-0.654966772,-2.670514584,-4.359963417
104,Sat Sep 21 2024 4:43:22 PM,1726937002,TwoSeamFastball,Y,6.81,30.26,84.95,2128.5,2063.5,96.9,2:32,1,12.6,21.3,-,-,5.2,21.6,-4.93,0,4.78,3.35,1.914291382,-14.19,1243694@1726937002,V3P4DB1N1735A,1,-1.163765907,98.58851624,1,0,-0.609768391,-0.179893449,-0.771894336,0.243822947,0.884095907,-0.398653775,0.754143775,-0.431292027,-0.495231539,-0.811298311,-5.252792835
105,Fri Oct 18 2024 6:53:01 PM,1729277581,-,N,-,-,83.52,-,-,-,-,-,-,-,-,-,-,-,-,-,-,-,-,-,1243694@1729277581,V3P4DB1N1735A,0,0,0,0,0,0,0,0,0,0,0,0,0,0,-0.874831676,-6.91567421
106,Fri Oct 18 2024 6:53:18 PM,1729277598,-,N,-,-,83.99,-,-,-,-,-,-,-,-,-,-,-,-,-,-,-,-,-,1243694@1729277598,V3P4DB1N1735A,0,0,0,0,0,0,0,0,0,0,0,0,0,0,-1.331269026,-4.470190048
107,Fri Oct 18 2024 6:53:30 PM,1729277610,-,N,-,-,-,-,-,-,-,-,-,-,-,-,-,-,-,-,-,-,-,-,1243694@1729277610,V3P4DB1N1735A,0,0,0,0,0,0,0,0,0,0,0,0,0,0,-,-
108,Fri Oct 18 2024 6:53:47 PM,1729277627,-,N,-,-,-,-,-,-,-,-,-,-,-,-,-,-,-,-,-,-,-,-,1243694@1729277627,V3P4DB1N1735A,0,0,0,0,0,0,0,0,0,0,0,0,0,0,-,-
109,Fri Oct 18 2024 6:54:00 PM,1729277640,TwoSeamFastball,Y,-0.75,30.84,80.93,2669.2,2416.1,90.5,0:40,0.5,0,-9.3,-,-,42.9,15.4,-4.71,3.27,6.2,6.03,-,25.15,1243694@1729277640,V3P4DB1N1735A,0.5,-25.93651962,55.42139435,0,0,0.897403002,0.200086698,-0.393234223,-0.231808916,0.972154379,-0.034358252,0.375409722,0.121988408,0.918796122,-6.140576363,-10.18676949
110,Fri Oct 18 2024 6:54:13 PM,1729277653,-,N,-,-,-,-,-,-,-,-,-,-,-,-,-,-,-,-,-,-,-,-,1243694@1729277653,V3P4DB1N1735A,0,0,0,0,0,0,0,0,0,0,0,0,0,0,-,-
111,Fri Oct 18 2024 6:54:24 PM,1729277664,-,Y,-,-,75.77,-,-,-,-,-,-,-,-,-,-,-,-,-,-,-,-,-,1243694@1729277664,V3P4DB1N1735A,0,0,0,0,0,0,0,0,0,0,0,0,0,0,-9.929570198,-11.01088905
112,Fri Oct 18 2024 6:54:36 PM,1729277676,TwoSeamFastball,Y,9.51,24.69,85.1,2581.7,2116.6,82,1:24,0.5,10.6,20.6,-,-,14,13.5,-5.95,-0.13,4.47,4.47,2.210826874,-34.93,1243694@1729277676,V3P4DB1N1735A,0.5,26.23528671,34.35837555,0,0,0.895884693,-0.225650504,-0.382717222,0.226841792,0.972996175,-0.042676385,0.382012337,-0.048583139,0.922879338,-1.903005719,-5.545971394
113,Fri Oct 18 2024 6:55:14 PM,1729277714,TwoSeamFastball,N,-14.82,27.59,87.1,2176.9,2176.6,100,2:26,1,0.2,21.2,-,-,6.4,22.1,-7.97,-0.06,4.73,4.48,2.002084732,-0.87,1243694@1729277714,V3P4DB1N1735A,1,-15.50247288,71.03525543,1,0,-0.090737306,-0.106299169,-0.99018538,-0.403717875,0.912847579,-0.061001349,0.910372734,0.394220442,-0.125744179,-3.951614618,-7.041335106
114,Fri Oct 18 2024 6:55:33 PM,1729277733,-,N,-,-,-,-,-,-,-,-,-,-,-,-,-,-,-,-,-,-,-,-,1243694@1729277733,V3P4DB1N1735A,0,0,0,0,0,0,0,0,0,0,0,0,0,0,-,-
115,Fri Oct 18 2024 6:56:16 PM,1729277776,Slider,N,-50.45,17.58,77.64,2268.9,509.5,22.5,11:24,1,7.4,-5,-,-,4.6,-2.8,-9.25,0.56,4.31,4.53,2.000953674,77.02,1243694@1729277776,V3P4DB1N1735A,1,-41.60932922,74.40216827,1,0,0.751214564,0.650553405,0.111610696,-0.658243835,0.725833774,0.199700758,0.048905209,-0.223485172,0.973479629,-10.18649387,-6.844760895
116,Fri Oct 18 2024 6:56:50 PM,1729277810,-,N,-,-,88.83,-,-,-,-,-,-,-,-,-,-,-,-,-,-,-,-,-,1243694@1729277810,V3P4DB1N1735A,0,0,0,0,0,0,0,0,0,0,0,0,0,0,-26.89067268,-12.13522148
117,Fri Oct 18 2024 6:57:05 PM,1729277825,TwoSeamFastball,Y,5.1,19.41,87.58,2198.5,2165.5,98.5,2:34,0.5,1.4,12.9,-,-,4.4,20.5,-6.07,-0.55,4.45,4.26,2.399847031,-9.95,1243694@1729277825,V3P4DB1N1735A,0.5,-2.614938974,105.8144379,1,0,-0.733342409,-0.116772227,-0.669755876,0.140721962,0.937732756,-0.3175762,0.665136158,-0.327141494,-0.671246767,-3.515052795,-7.152316093
118,Fri Oct 18 2024 6:57:29 PM,1729277849,TwoSeamFastball,N,-12.88,40.1,89.31,1158.5,1152.1,99.4,0:32,0.5,0,30.3,-,-,25.8,7.4,-5.73,2.48,6.05,5.61,-,6.03,1243694@1729277849,V3P4DB1N1735A,0.5,42.74433899,86.94065857,1,0,0.516091466,0.765568972,-0.384127319,-0.180855557,0.535755217,0.824777365,0.837222159,-0.356188983,0.414956093,-0.996964812,10.92373276
119,Fri Oct 18 2024 7:04:17 PM,1729278257,Slider,N,-27.88,27.51,72.53,2277.8,594.4,26.1,10:18,1,14.7,-3,-,-,3.5,-6.2,-5.81,1.36,4.32,3.27,1.986036301,74.87,1243694@1729278257,V3P4DB1N1735A,1,-31.4733696,134.2224426,1,0,0.859114587,0.470013916,-0.202506721,-0.502938628,0.702117085,-0.504067779,-0.094735444,0.534900486,0.839587152,-6.374883652,-6.224617958
120,Fri Oct 18 2024 7:04:28 PM,1729278268,Slider,N,-30.37,22.55,72.41,2241.9,647.5,28.9,11:22,1,5,-3.2,-,-,6.2,-3.5,-6.19,1.29,4.43,3.44,1.948575974,73.21,1243694@1729278268,V3P4DB1N1735A,1,-35.40506363,131.6458588,1,0,0.851510465,0.436451584,-0.290585339,-0.523636222,0.67918402,-0.514309406,-0.027110245,0.590100884,0.806874216,-6.795424461,-7.757543087
121,Fri Oct 18 2024 7:04:40 PM,1729278280,TwoSeamFastball,Y,-1.25,41.79,84.96,2287.7,2285,99.9,2:20,1,10.8,23.3,-,-,7.2,22,-5.57,1.2,4.74,3.09,1.922357559,2.77,1243694@1729278280,V3P4DB1N1735A,1,-3.412976265,73.62698364,1,0,-0.163547441,0.091993071,-0.982236981,-0.150895566,0.981594622,0.117057785,0.974927008,0.16735971,-0.146655977,-1.100487709,-4.253040791
122,Fri Oct 18 2024 7:04:51 PM,1729278291,TwoSeamFastball,N,-12.14,37.94,84.07,2228.7,2174.4,97.6,2:18,1,8.6,22.7,-,-,7.4,20.7,-6.44,1.18,4.6,2.99,2.101154327,12.67,1243694@1729278291,V3P4DB1N1735A,1,10.44542503,86.40569305,1,0,-0.358049661,0.450622678,-0.817764819,0.063651949,0.88557291,0.460118413,0.931530237,0.112692975,-0.345762134,-2.088493347,-4.647571087
123,Fri Oct 18 2024 7:05:32 PM,1729278332,ChangeUp,Y,7.22,31.06,79.36,2700.6,2511.7,93,1:50,1,9.6,6.2,-,-,12.9,19.3,-3.56,0.79,4.75,3.32,2.161426544,-21.56,1243694@1729278332,V3P4DB1N1735A,1,-17.98923111,48.79652405,0.333333343,0,0.55281955,-0.456736475,-0.696980774,-0.087062433,0.800174415,-0.593414664,0.828740358,0.388732076,0.402587503,-2.335583925,-5.992265701
124,Fri Oct 18 2024 7:05:55 PM,1729278355,TwoSeamFastball,Y,-3.23,24.39,83.4,2042,1454.6,71.2,1:22,1,3,3.7,-,-,11.4,10.2,-4.82,-0.6,4.79,3.35,1.971122742,44.57,1243694@1729278355,V3P4DB1N1735A,1,11.68234158,57.88937378,1,0,0.423124671,0.856681347,-0.295063615,-0.367200941,0.459841311,0.808522999,0.828329027,-0.233758345,0.509144425,-4.118865967,-7.806120872
125,Fri Oct 18 2024 7:06:36 PM,1729278396,Slider,Y,-8.32,30.17,76.2,2231.9,655.5,29.4,11:36,1,7,-25.2,-,-,6.3,-2.3,-5.67,1.55,4.36,4.49,2.028055191,72.92,1243694@1729278396,V3P4DB1N1735A,1,-42.11707306,104.3728485,1,0,0.811641753,0.560100973,-0.165905267,-0.583908975,0.786141872,-0.202561751,0.016970046,0.261281163,0.965113521,-10.51352787,-6.620047092
126,Fri Oct 18 2024 7:06:56 PM,1729278416,Slider,N,-24.09,31.17,79.12,2278.8,823.7,36.1,0:54,1,7.5,2,-,-,7,3.2,-7.23,1.66,4.28,4.46,2.067907333,68.81,1243694@1729278416,V3P4DB1N1735A,1,-41.14358521,79.32923126,0.5,0,0.70297581,0.687591672,-0.181776389,-0.692297101,0.720106304,0.0466014,0.162941054,0.093083605,0.982234955,-6.845232487,-5.833004951
127,Fri Oct 18 2024 7:07:18 PM,1729278438,TwoSeamFastball,N,-16.34,25.88,86.99,2237.2,2236.4,100,2:28,1,5.3,22.4,-,-,5.9,21.6,-8.44,0.39,4.47,4.52,2.081943512,-1.5,1243694@1729278438,V3P4DB1N1735A,1,1.135584593,94.42825317,1,0,-0.55619967,0.039589263,-0.830104947,0.019330347,0.999210775,0.034702212,0.8308236,0.003255149,-0.556525946,-4.128357887,-5.812618256
128,Fri Oct 18 2024 7:07:40 PM,1729278460,Cutter,N,-28.63,35.72,87.39,1550.6,1544.7,99.6,11:28,1,2.8,17.5,-,-,16.4,-4.7,-6.92,-0.06,4.44,4.37,2.304193497,5,1243694@1729278460,V3P4DB1N1735A,1,-10.72080421,126.339035,0.5,0,0.466470093,-0.124818929,-0.87568599,-0.126933634,0.970301092,-0.20592162,0.875381887,0.207210273,0.436772734,-3.492873192,-6.463570118
129,Fri Oct 18 2024 7:08:01 PM,1729278481,TwoSeamFastball,Y,0.59,32.93,87.86,1786.1,1785.2,99.9,3:00,1,7.9,24.4,-,-,-0.2,20,-7.1,0.49,4.61,4.54,2.031150818,1.83,1243694@1729278481,V3P4DB1N1735A,1,4.973377228,95.70948792,0.5,0,-0.763324201,0.138120353,-0.631077468,0.182358056,0.983217537,-0.00538125,0.619743109,-0.119189709,-0.775701046,-2.460165024,-4.803163052
130,Fri Oct 18 2024 7:08:57 PM,1729278537,-,Y,-,-,80.01,-,-,-,-,-,-,-,-,-,-,-,-,-,-,-,-,-,1243694@1729278537,V3P4DB1N1735A,0,0,0,0,0,0,0,0,0,0,0,0,0,0,-5.89602232,-4.79121542
131,Fri Oct 18 2024 7:09:23 PM,1729278563,-,N,-,-,-,-,-,-,-,-,-,-,-,-,-,-,-,-,-,-,-,-,1243694@1729278563,V3P4DB1N1735A,0,0,0,0,0,0,0,0,0,0,0,0,0,0,-,-
132,Fri Oct 18 2024 7:10:09 PM,1729278609,TwoSeamFastball,N,-24.88,20.91,89.58,2283.8,2282.8,100,1:58,1,9.2,24.7,-,-,11.2,19.8,-9.32,-1.21,4.9,4.38,2.197914124,1.68,1243694@1729278609,V3P4DB1N1735A,1,3.648896933,1.866319299,1,0,0.954868257,0.00937099,-0.296881914,0.037156522,0.987882614,0.150689572,0.294696599,-0.154919788,0.942949474,-4.607578754,-5.949361801
133,Fri Oct 18 2024 7:10:27 PM,1729278627,-,Y,-,-,81.58,-,-,-,-,-,-,-,-,-,-,-,-,-,-,-,-,-,1243694@1729278627,V3P4DB1N1735A,0,0,0,0,0,0,0,0,0,0,0,0,0,0,-6.464497566,-5.712042332
134,Fri Oct 18 2024 7:10:51 PM,1729278651,TwoSeamFastball,Y,-3.76,27.68,88.16,2298.7,2294.7,99.8,2:20,1,-2.6,16.6,-,-,6.9,20.2,-6.83,-0.46,4.81,4.24,2.410219193,-3.37,1243694@1729278651,V3P4DB1N1735A,1,2.886047363,15.36119843,1,0,0.755743742,-0.021635475,-0.654509962,0.036100268,0.999310732,0.008650729,0.653871596,-0.030165721,0.756003916,-3.556723595,-7.794043541
135,Fri Oct 18 2024 7:11:23 PM,1729278683,-,N,-,-,82.35,-,-,-,-,-,-,-,-,-,-,-,-,-,-,-,-,-,1243694@1729278683,V3P4DB1N1735A,0,0,0,0.083333336,0,0,0,0,0,0,0,0,0,0,-7.491920471,-7.742400169
136,Fri Oct 18 2024 7:11:49 PM,1729278709,-,N,-,-,88.53,-,-,-,-,-,-,-,-,-,-,-,-,-,-,-,-,-,1243694@1729278709,V3P4DB1N1735A,0,0,0,0,0,0,0,0,0,0,0,0,0,0,-23.70614624,-2.359563828
137,Fri Oct 18 2024 7:12:08 PM,1729278728,TwoSeamFastball,Y,-1.99,27.85,89.11,2288.5,2140.7,93.5,1:56,0.5,-11.8,-5.1,-,-,9.2,15.3,-6.58,-0.56,4.48,4.28,-,20.7,1243694@1729278728,V3P4DB1N1735A,0.5,4.610517502,100.7493134,0.083333336,0,-0.442791045,0.365826935,-0.818600476,-0.375755966,0.75322926,0.539864004,0.81409061,0.546640933,-0.196061477,-7.59416151,-9.159470558
138,Fri Oct 18 2024 7:22:18 PM,1729279338,TwoSeamFastball,N,-16.26,19.55,81.85,1956.9,1955.8,99.9,2:42,1,4.6,24,-,-,3.4,22.4,-8.53,0.23,4.61,4.55,1.939134598,-1.98,1243694@1729279338,V3P4DB1N1735A,1,-10.6981039,94.18274689,1,0,-0.573328197,-0.206418872,-0.792897165,-0.409494549,0.910396993,0.059089232,0.709654033,0.358564585,-0.606483638,-3.968037128,-7.087796688
139,Fri Oct 18 2024 7:22:30 PM,1729279350,-,Y,-,-,84.19,-,-,-,-,-,-,-,-,-,-,-,-,-,-,-,-,-,1243694@1729279350,V3P4DB1N1735A,0,0,0,0,0,0,0,0,0,0,0,0,0,0,-2.435446978,-9.055544853
140,Fri Oct 18 2024 7:22:40 PM,1729279360,-,Y,-,-,74.68,-,-,-,-,-,-,-,-,-,-,-,-,-,-,-,-,-,1243694@1729279360,V3P4DB1N1735A,0,0,0,0,0,0,0,0,0,0,0,0,0,0,-2.48965621,-8.481521606
141,Fri Oct 18 2024 7:23:15 PM,1729279395,ChangeUp,Y,-1.79,18.1,77.38,2090.2,1285,61.5,1:06,0.5,5.7,-24.5,-,-,10.5,6.8,-5.85,-0.67,4.76,4.43,2.32182312,52.06,1243694@1729279395,V3P4DB1N1735A,0.5,22.75239372,74.52989197,1,0,0.064618036,0.99212265,-0.107317321,-0.530158758,0.12524049,0.838597894,0.84543246,0.002706735,0.534075379,-10.68236065,-8.726080894
142,Fri Jan 17 2025 7:40:59 PM,1737142859,TwoSeamFastball,N,-14.62,17.87,82.8,2155.4,2106.9,97.8,2:34,1,4.7,20.2,-,-,5,24,-6.74,-0.27,4.81,3.4,1.755218506,-12.17,1243694@1737142859,V3P4DB1N1735A,1,4.483128071,95.95451355,1,0,-0.561832666,-0.070653833,-0.824228108,0.385333389,0.859305263,-0.336322099,0.732026041,-0.506559372,-0.455560446,-2.967597961,-7.145158291
143,Fri Jan 17 2025 7:41:13 PM,1737142873,TwoSeamFastball,N,-15.22,39.59,84.01,2259,2231.4,98.8,2:32,1,5.3,20.2,-,-,5.5,24.4,-6.88,1.56,4.78,3.46,1.811578751,-8.96,1243694@1737142873,V3P4DB1N1735A,1,0.257673651,91.12177277,1,0,-0.52572763,-0.093276516,-0.845523477,0.114015706,0.977274537,-0.178703457,0.842977405,-0.190352306,-0.503145218,-3.07954812,-5.10320425
144,Fri Jan 17 2025 7:41:24 PM,1737142884,ChangeUp,Y,5.03,36.45,78.39,1891.2,1887.7,99.8,2:58,1,-7.4,17.7,-,-,-0.2,23.1,-5.23,2.15,4.59,3.55,1.86873436,3.47,1243694@1737142884,V3P4DB1N1735A,1,20.10630417,75.35799408,0.333333343,0,-0.365572631,0.279546499,-0.887812138,0.586416662,0.80989629,0.013545481,0.722822428,-0.515676022,-0.460006654,-1.856943369,-8.028038979
145,Fri Jan 17 2025 7:41:36 PM,1737142896,ChangeUp,N,-17.99,14.85,77.86,1958,1958,100,3:02,1,1.3,21.1,-,-,-0.9,24.3,-7.18,0.56,4.51,3.44,1.80087471,0.22,1243694@1737142896,V3P4DB1N1735A,1,13.48524952,75.48189545,0.5,0,-0.461219698,0.119431756,-0.879211187,0.437823176,0.892497599,-0.108438306,0.771742821,-0.434952945,-0.463927448,-3.23047924,-7.97231245
146,Fri Jan 17 2025 7:41:49 PM,1737142909,ChangeUp,N,-16.71,44.29,79.14,2280.1,951.8,41.7,1:22,1,15,1.7,-,-,7.2,6.2,-5.37,1.54,4.74,3.45,1.853086472,65.33,1243694@1737142909,V3P4DB1N1735A,1,10.22627926,70.57565308,1,0,0.072382443,0.997039616,0.025938012,-0.743025064,0.036556777,0.668264389,0.665337861,-0.067643225,0.743471563,-5.057339191,-4.061200619
147,Fri Jan 17 2025 7:42:00 PM,1737142920,Cutter,N,-10.4,21.22,77.45,2293.7,897.8,39.1,0:54,1,8.8,0.3,-,-,8.4,3.9,-4.57,0.26,4.73,3.38,1.731267929,66.96,1243694@1737142920,V3P4DB1N1735A,1,11.92239094,62.67507935,0.5,0,0.245236322,0.955868065,0.161788121,-0.716365993,0.066227838,0.694574475,0.653206646,-0.286234379,0.700992882,-4.518283367,-6.914351463
148,Fri Jan 17 2025 7:42:12 PM,1737142932,Slider,N,16.12,43.62,72.97,679.9,310.3,45.6,9:14,0.5,6.6,-5.5,-,-,0.6,-6.4,-1.98,2.89,4.48,3.65,1.695453644,62.85,1243694@1737142932,V3P4DB1N1735A,0.5,-36.08623123,107.5322876,1,0,0.878313839,0.450610042,0.159735337,-0.447690964,0.892439425,-0.0558987,-0.16774264,-0.022415463,0.985575974,-2.962537766,-4.743705273
149,Fri Jan 17 2025 7:42:23 PM,1737142943,TwoSeamFastball,N,-0.17,42.39,84.67,2257.3,2257.1,100,2:26,1,7.8,21.5,-,-,6.2,22.9,-6.24,1.58,4.73,3.95,1.95536232,-0.77,1243694@1737142943,V3P4DB1N1735A,1,-6.438333511,79.97078705,1,0,-0.304853678,-0.028274946,-0.951979458,-0.220861703,0.97440964,0.041785702,0.926436365,0.222994313,-0.303297222,-2.106822252,-4.561463356
150,Fri Jan 17 2025 7:42:51 PM,1737142971,TwoSeamFastball,N,-16.14,26.91,87.96,2281.6,2281.6,100,2:30,1,6.9,21.7,-,-,5.9,23.9,-7.03,0.23,4.61,3.44,1.713083267,-0.15,1243694@1737142971,V3P4DB1N1735A,1,-5.368031025,85.96510315,1,0,-0.430683315,-0.045475744,-0.901356697,-0.204108313,0.977761209,0.048195824,0.879119873,0.204731524,-0.430387437,-2.946454763,-5.635530949
151,Fri Jan 17 2025 7:43:06 PM,1737142986,TwoSeamFastball,Y,-1.45,32.8,88.19,2382.7,2378.3,99.8,2:26,1,7.3,19.8,-,-,6.7,23.6,-5.63,0.55,4.67,3.49,1.769962311,3.51,1243694@1737142986,V3P4DB1N1735A,1,-14.59151173,89.61558533,1,0,-0.347947687,-0.111787274,-0.930825412,-0.543052733,0.833368301,0.102912962,0.764215946,0.541295588,-0.350674957,-1.903349638,-5.013650894
152,Fri Jan 17 2025 7:43:19 PM,1737142999,ChangeUp,N,-1.14,51.81,78.03,2262.3,2021.2,89.3,2:20,1,8.2,0,-,-,7,24.6,-3.33,3.4,4.44,3.7,1.684719086,48.2,1243694@1737142999,V3P4DB1N1735A,1,26.82370949,143.50383,1,0,0.474593997,0.516472876,-0.71275264,-0.568065584,-0.438821822,-0.696230471,-0.672355533,0.735317111,0.085128248,-4.862335205,-4.088416576
153,Fri Jan 17 2025 7:43:33 PM,1737143013,TwoSeamFastball,N,9.54,45.22,87.93,2330.7,2328.3,99.9,2:26,1,8.4,20.6,-,-,6.4,22.6,-4.81,1.62,4.6,3.52,1.956132889,2.56,1243694@1737143013,V3P4DB1N1735A,1,-4.176933289,81.74087524,1,0,-0.33324343,0.058533434,-0.941022098,-0.199095473,0.971196175,0.13091585,0.921580017,0.230980083,-0.311990976,-0.869971633,-3.738388538
154,Fri Jan 17 2025 7:43:54 PM,1737143034,Slider,Y,8.75,29.31,79.25,2368.5,700.5,29.6,11:30,0.5,9.3,-3.5,-,-,6.8,-2.7,-2.8,1.45,4.37,3.63,1.781806946,72.8,1243694@1737143034,V3P4DB1N1735A,0.5,43.54552841,-77.53298187,1,0,-0.553486645,-0.648961842,-0.522016346,0.388611823,-0.755597949,0.527306855,-0.736636519,0.088995561,0.670407653,-3.497404575,-6.309596062
155,Fri Jan 17 2025 7:44:22 PM,1737143062,ChangeUp,N,16.16,45.54,76.94,2259.7,1841.2,81.5,1:00,0.5,9.4,-8.9,-,-,17.2,10.4,-1.62,2.88,4.32,3.6,1.7395401,35.43,1243694@1737143062,V3P4DB1N1735A,0.5,13.12557697,2.957986116,1,0,0.978742063,-0.001542856,0.205089241,-0.15953736,0.62267983,0.766040206,-0.128886804,-0.782475173,0.609196723,-3.303479433,-4.354711056
156,Fri Jan 17 2025 7:44:37 PM,1737143077,TwoSeamFastball,Y,1.48,22.18,87.68,2334.1,2332.3,99.9,2:30,1,3.3,22,-,-,5.7,23.8,-5.6,0.14,4.55,3.52,1.757455826,2.26,1243694@1737143077,V3P4DB1N1735A,1,2.602965355,88.1661377,0.5,0,-0.48255685,0.11220412,-0.868647635,0.026960425,0.993193269,0.113314562,0.875449419,0.031261619,-0.482297331,-1.456616163,-6.254088402
157,Fri Jan 17 2025 7:44:56 PM,1737143096,TwoSeamFastball,N,-16.19,36.97,88.63,2311.4,2305.6,99.7,2:26,1,4.8,22.2,-,-,6.9,23.7,-7.27,1.09,4.64,3.57,1.829072952,4.06,1243694@1737143096,V3P4DB1N1735A,1,2.499201536,83.96050262,1,0,-0.383668602,0.179778293,-0.905802369,-0.027154798,0.978246987,0.20565854,0.923071384,0.103501648,-0.370440781,-3.130300999,-4.707599163
158,Fri Jan 17 2025 7:45:16 PM,1737143116,TwoSeamFastball,N,10.78,28.26,88.07,2371.7,2370.8,100,2:30,1,4.4,23,-,-,5.8,23.1,-5.05,0.53,4.49,3.63,1.960802078,1.6,1243694@1737143116,V3P4DB1N1735A,1,4.003034592,87.5284729,1,0,-0.464536726,0.127361223,-0.876347303,0.080985621,0.991566658,0.101177163,0.881842852,-0.023971021,-0.470933586,-0.653920412,-5.484755993
159,Fri Jan 17 2025 7:45:37 PM,1737143137,Slider,N,10.19,28.74,77.91,2347.8,1538,99.9,9:48,1,12.1,-8.2,-,-,19.4,-6,-2.18,0.94,4.35,3.56,1.806518555,55.87,1243694@1737143137,V3P4DB1N1735A,1,5.972891331,50.45105743,1,0,0.346349418,0.901710987,0.258765221,-0.549487531,-0.028565405,0.835013449,0.760332525,-0.431394696,0.485585302,-3.719768286,-5.439153194
160,Fri Jan 17 2025 7:45:58 PM,1737143158,TwoSeamFastball,Y,7.69,32.77,88.93,2320,2318.3,99.9,2:34,1,4.4,22,-,-,4.7,23.4,-5.09,0.83,4.52,3.5,1.94203186,2.21,1243694@1737143158,V3P4DB1N1735A,1,-5.027820587,92.59688568,1,0,-0.556519985,-0.026052428,-0.830425501,-0.262590706,0.953789175,0.146055833,0.788245678,0.299345046,-0.537643909,-0.914405465,-4.996195793
161,Fri Jan 17 2025 7:46:24 PM,1737143184,TwoSeamFastball,Y,-8.62,32.4,88.52,2269.8,2265.6,99.8,2:26,1,4.7,21.7,-,-,6.2,22.5,-6.51,0.82,4.51,3.48,1.951911926,3.51,1243694@1737143184,V3P4DB1N1735A,1,4.357821465,81.22116089,1,0,-0.345723778,0.185416341,-0.919834733,0.050964914,0.982546031,0.17890203,0.93695128,0.014971389,-0.349139243,-2.391530037,-5.035927773
162,Fri Jan 17 2025 7:46:56 PM,1737143216,TwoSeamFastball,N,-10.27,39.36,87.91,2367.5,2367.5,100,2:26,1,6.2,19.9,-,-,6.4,23.3,-5.93,1.19,4.62,2.94,1.99618721,0.27,1243694@1737143216,V3P4DB1N1735A,1,4.138941765,88.0153656,1,0,-0.448426485,0.123734042,-0.885213792,0.087947719,0.991674066,0.094062857,0.88948226,-0.035672255,-0.455575019,-2.146714926,-4.36947155
163,Fri Jan 17 2025 7:47:13 PM,1737143233,TwoSeamFastball,N,-18.94,27.36,88.13,2389.8,2389.8,100,2:28,1,6.7,20.6,-,-,6.3,24.3,-6.78,0.09,4.6,2.98,1.926383972,-0.26,1243694@1737143233,V3P4DB1N1735A,1,3.429730654,94.27796173,1,0,-0.557214737,0.091619126,-0.825298548,0.09618821,0.994325399,0.045440208,0.824778438,-0.054064032,-0.562865376,-2.914709806,-5.358599186
164,Fri Jan 17 2025 7:47:31 PM,1737143251,TwoSeamFastball,Y,-0.58,30.11,87.75,2308,2306.5,99.9,2:30,1,3.3,20.5,-,-,5.9,23.6,-5.09,0.8,4.54,2.96,1.838262558,2.04,1243694@1737143251,V3P4DB1N1735A,1,-3.671079159,84.33396912,1,0,-0.40514648,0.029688509,-0.913769484,-0.177124992,0.977987111,0.110308513,0.896929681,0.206542552,-0.390969455,-1.19629252,-5.508013248
165,Fri Jan 17 2025 7:47:54 PM,1737143274,Slider,Y,-4.72,22.66,81.18,2295.3,701.7,30.6,0:14,1,8.1,3.8,-,-,7.1,0.4,-4.03,0.18,4.74,3.02,1.854564667,72.2,1243694@1737143274,V3P4DB1N1735A,1,-26.97351646,113.452652,1,0,0.61232996,0.670218349,-0.419356018,-0.790587127,0.515792191,-0.330046058,-0.00490236,0.533634543,0.845700979,-3.291621923,-6.839199066
166,Fri Jan 17 2025 7:55:26 PM,1737143726,TwoSeamFastball,Y,-0.54,23.14,82.33,2058.6,2056.4,99.9,2:34,1,7.8,20.9,-,-,4.8,22.7,-5.74,0.24,4.67,3.53,1.901546478,-2.61,1243694@1737143726,V3P4DB1N1735A,1,7.274086952,91.37205505,0.5,0,-0.519496441,0.109134473,-0.847474575,0.282206357,0.95806998,-0.049614158,0.80652529,-0.264937073,-0.528512359,-1.660442114,-6.706100464
167,Fri Jan 17 2025 7:55:58 PM,1737143758,TwoSeamFastball,N,-,-,-,1708.8,1523.4,89.2,2:14,1,0,0,-,-,-,-,0,0,0,0,-,26.93,1243694@1737143758,V3P4DB1N1735A,1,7.639296532,66.27988434,1,0,-0.573256373,0.0620909,-0.817019761,0.240745708,0.965877116,-0.095514067,0.783210099,-0.251448125,-0.568643272,-,-
168,Fri Jan 17 2025 7:56:06 PM,1737143766,Cutter,Y,-2.64,18.45,77.78,2300.1,768.7,33.4,1:14,1,9.5,5,-,-,6.2,4.4,-3.85,-0.23,4.78,2.96,1.739341736,70.48,1243694@1737143766,V3P4DB1N1735A,1,3.670660734,74.47009277,1,0,0.086915754,0.995784104,-0.02931702,-0.844850481,0.089271948,0.527501643,0.527895033,-0.021079661,0.849048018,-2.929135323,-6.93621397
169,Fri Jan 17 2025 7:56:19 PM,1737143779,Slider,N,16.45,31.14,73.63,2296.9,708.6,30.9,10:52,0.5,9.2,-1.3,-,-,6.1,-5.5,-1.51,1.89,4.33,2.88,1.841928482,72.03,1243694@1737143779,V3P4DB1N1735A,0.5,-36.61460495,86.09985352,1,0,0.815012932,0.579322159,0.011824711,-0.579294801,0.814173877,0.039222494,0.013095088,-0.038816832,0.999160528,-1.755377293,-5.964070797
170,Fri Jan 17 2025 7:56:30 PM,1737143790,TwoSeamFastball,Y,7.32,42.01,82.97,2255.8,2254.1,99.9,2:28,1,11.5,20.5,-,-,6.3,24.3,-4.27,1.45,4.75,2.9,1.723220825,2.23,1243694@1737143790,V3P4DB1N1735A,1,-14.555583,79.07898712,1,0,-0.231044903,-0.057511363,-0.971241772,-0.462664187,0.884655416,0.057677168,0.855897248,0.46268484,-0.231003568,-0.36255008,-4.507174492
171,Fri Jan 17 2025 7:56:38 PM,1737143798,-,N,-,-,-,-,-,-,-,-,-,-,-,-,-,-,-,-,-,-,-,-,1243694@1737143798,V3P4DB1N1735A,0,0,0,1,0,-0.231044903,-0.057511363,-0.971241772,-0.462664187,0.884655416,0.057677168,0.855897248,0.46268484,-0.231003568,-,-
172,Fri Jan 17 2025 7:57:00 PM,1737143820,TwoSeamFastball,Y,3.69,32.27,85.25,2119.4,2119.2,100,2:32,1,4.7,21.4,-,-,5.1,22.9,-4.65,0.98,4.61,2.8,1.95630455,-0.65,1243694@1737143820,V3P4DB1N1735A,1,-6.669686794,80.07512665,0.5,0,-0.352431893,-0.053705625,-0.934295356,-0.221925095,0.974670529,0.027687337,0.909143209,0.217101455,-0.355423629,-0.53262037,-5.524438858
173,Fri Jan 17 2025 7:57:15 PM,1737143835,TwoSeamFastball,N,-4.05,16.88,80.83,2027.2,1917.3,94.6,2:54,1,0.7,20.5,-,-,0.5,22.5,-5.42,0.51,4.42,2.98,1.886137009,18.96,1243694@1737143835,V3P4DB1N1735A,1,10.11205769,69.44927979,1,0,-0.339709252,0.544321656,-0.767014682,0.158373505,0.836973488,0.523825467,0.927100539,0.056473576,-0.370533794,-1.558339238,-7.385324001
174,Fri Jan 17 2025 7:57:37 PM,1737143857,TwoSeamFastball,N,-11.31,44.14,88.07,2376.4,2334.8,98.2,2:10,1,7.8,19.7,-,-,9.6,21.9,-5.92,1.5,4.7,2.89,1.913507462,10.74,1243694@1737143857,V3P4DB1N1735A,1,-2.869325161,84.52519226,1,0,-0.253820091,0.24028033,-0.936931431,-0.293207735,0.903962553,0.311256975,0.921739876,0.353718847,-0.158991814,-2.138644218,-4.055101871
175,Fri Jan 17 2025 7:57:53 PM,1737143873,TwoSeamFastball,N,21.35,32.55,87.26,2317.8,2317.1,100,2:32,1,8.5,21.7,-,-,5.3,24.1,-3.33,0.57,4.59,3.05,1.871904373,-1.37,1243694@1737143873,V3P4DB1N1735A,1,-7.34030056,83.08195496,0.5,0,-0.39381057,-0.101697698,-0.91354835,-0.233516499,0.972323358,-0.007576771,0.889034927,0.210344806,-0.406659275,0.83077842,-4.956932545
176,Fri Jan 17 2025 7:58:08 PM,1737143888,TwoSeamFastball,Y,-6.78,37.17,88.09,2329.6,2324,99.8,2:28,1,5.3,20.2,-,-,6.2,23.6,-5.53,1.27,4.55,2.88,1.862997055,3.98,1243694@1737143888,V3P4DB1N1735A,1,-10.14949226,78.36646271,0.5,0,-0.264080197,0.031486247,-0.963986516,-0.366550803,0.921199918,0.130503848,0.892133355,0.387813598,-0.231729284,-1.670981765,-4.771386147
177,Fri Jan 17 2025 7:58:25 PM,1737143905,TwoSeamFastball,N,-13.31,27.41,88.76,2328.7,2328.3,100,2:28,1,10.2,20.2,-,-,6.3,23.6,-6.03,-0.36,4.71,2.78,1.900884628,1.02,1243694@1737143905,V3P4DB1N1735A,1,-11.93746567,82.24674225,1,0,-0.309536517,-0.10513179,-0.945057929,-0.386544079,0.921957433,0.024043448,0.868775487,0.372748852,-0.326017588,-2.208005428,-5.10031271
178,Fri Jan 17 2025 7:58:56 PM,1737143936,-,N,-,-,75.29,-,-,-,-,-,-,-,-,-,-,-,-,-,-,-,-,-,1243694@1737143936,V3P4DB1N1735A,0,0,0,0,0,0,0,0,0,0,0,0,0,0,-0.466507673,0.251989424
179,Fri Jan 17 2025 7:59:11 PM,1737143951,Slider,Y,6.24,35.89,77.08,2415.1,741.4,30.7,11:40,0.5,0,9.8,-,-,3.7,-1.3,-4.49,-0.06,3.34,3.16,-,72.12,1243694@1737143951,V3P4DB1N1735A,0.5,24.55566216,130.8519135,0.083333336,0,0.076940283,0.586744547,-0.806108415,-0.912662625,-0.284056872,-0.293867797,-0.401406139,0.758315384,0.513644695,-2.168638706,-0.909156382
180,Fri Jan 17 2025 7:59:32 PM,1737143972,Slider,N,-12.63,31.83,77.66,2276.7,754.7,33.1,11:46,0.5,10.8,-1.5,-,-,7.6,-1.8,-5.58,1.51,4.39,4.22,1.950397491,70.64,1243694@1737143972,V3P4DB1N1735A,0.5,-43.53249359,83.73442078,1,0,0.830186725,0.552662969,-0.073168851,-0.553218424,0.832913637,0.014294983,0.06884364,0.028610848,0.997217119,-5.873467445,-5.815459251
181,Fri Jan 17 2025 7:59:51 PM,1737143991,Cutter,N,-15.53,15.14,79.05,2261.3,913.1,40.4,0:50,1,9.4,1.6,-,-,8.5,3.6,-5.92,-0.5,4.72,4.05,1.924762726,66.18,1243694@1737143991,V3P4DB1N1735A,1,35.58866119,-118.8484268,1,0,-0.595909357,-0.503910542,0.62527281,0.772237301,-0.573199987,0.274027586,0.220321,0.646154583,0.730713904,-5.62096262,-7.335466385
182,Fri Jan 17 2025 8:00:06 PM,1737144006,TwoSeamFastball,Y,6.58,26.16,86.49,2341.7,2337.8,99.8,3:04,1,5.4,22.9,-,-,-1.2,23.4,-5.72,0.47,4.45,3.88,2.090372086,3.28,1243694@1737144006,V3P4DB1N1735A,1,17.22860146,83.26374054,1,0,-0.519551814,0.255736142,-0.815269768,0.574162364,0.811118305,-0.111466028,0.632774353,-0.526009619,-0.568251967,-1.24254024,-5.878876209
183,Fri Jan 17 2025 8:00:23 PM,1737144023,TwoSeamFastball,Y,-4.01,30.51,85.8,2221.8,2178.9,98.1,2:38,1,8,21.3,-,-,4.4,23.8,-6.61,0.62,4.5,4.03,1.862710953,-11.28,1243694@1737144023,V3P4DB1N1735A,1,-5.751702785,78.72968292,1,0,-0.356434524,-0.273130506,-0.893506467,-0.063218027,0.961175859,-0.268597186,0.932178915,-0.039251622,-0.359863013,-2.592294455,-5.128507137
184,Fri Jan 17 2025 8:00:47 PM,1737144047,Slider,Y,-5.72,24.6,77.41,2067.1,668.4,32.3,11:36,1,14.2,-1.5,-,-,6.7,-2.4,-4.73,0.8,4.27,3.98,2.063055038,71.13,1243694@1737144047,V3P4DB1N1735A,1,-36.87487411,65.00879669,0.333333343,0,0.819175959,0.568185329,0.078206263,-0.566779375,0.781077325,0.262067348,0.087817654,-0.259004951,0.961875498,-5.032968521,-6.297376156
185,Fri Jan 17 2025 8:01:16 PM,1737144076,TwoSeamFastball,Y,8.66,37.94,86.43,2149.3,2145.3,99.8,2:30,0.5,11.1,20.6,-,-,5.5,22.7,-5.43,0.87,4.61,4.04,1.856710434,-3.51,1243694@1737144076,V3P4DB1N1735A,0.5,-6.751713276,86.11575317,1,0,-0.429938108,-0.128669187,-0.893642783,-0.202092081,0.978393614,-0.043643847,0.879950047,0.161833987,-0.446651697,-1.513839126,-4.287676811
186,Fri Jan 17 2025 8:01:37 PM,1737144097,ChangeUp,N,-,-,-,2633.3,2337.9,88.8,0:52,0.5,0,0,-,-,-,-,0,0,0,0,-,-27.4,1243694@1737144097,V3P4DB1N1735A,0.5,7.062077999,2.634752989,1,0,0.96550864,0.057097226,0.254033536,0.01993094,0.956589282,-0.290757239,-0.259607196,0.285791725,0.922457218,-,-
187,Fri Jan 17 2025 8:01:59 PM,1737144119,TwoSeamFastball,Y,-2.98,39.67,87.02,2248.1,2247.6,100,2:30,1,6.2,23.3,-,-,5.7,22.8,-6.61,1.36,4.61,3.9,1.990520477,1.21,1243694@1737144119,V3P4DB1N1735A,1,-4.782506943,83.55834961,1,0,-0.388767242,0.018908963,-0.921141863,-0.210221142,0.971595764,0.108668342,0.89703232,0.23589021,-0.373749495,-2.166095495,-4.529357433
188,Fri Jan 17 2025 8:02:29 PM,1737144149,ChangeUp,N,-1.67,5.42,79.11,1817.3,1800.2,99.1,3:06,1,3.9,19.9,-,-,-1.7,24.2,-4.97,-0.49,4.33,2.8,1.902997971,-7.86,1243694@1737144149,V3P4DB1N1735A,1,5.486483574,56.80922699,1,0,-0.225889638,-0.215563759,-0.950003088,0.172589824,0.950926244,-0.256811231,0.958742082,-0.221971899,-0.177600265,-1.168511391,-8.293848038
189,Fri Jan 17 2025 8:02:47 PM,1737144167,TwoSeamFastball,Y,-6.83,24.86,86.72,2140.6,2136.7,99.8,2:26,1,5.8,21.2,-,-,6.3,22.1,-5.33,0.1,4.61,2.6,1.901115417,3.45,1243694@1737144167,V3P4DB1N1735A,1,-9.643815994,81.83029175,1,0,-0.302824497,-0.017833088,-0.95287931,-0.349947602,0.932064354,0.093769655,0.886472642,0.361853659,-0.288492531,-1.296962023,-5.911183357
190,Fri Jan 17 2025 8:03:04 PM,1737144184,Cutter,N,15.53,24.26,77.87,2066.5,756,36.6,0:48,1,12,1.8,-,-,7.8,3.1,-1.79,0.86,4.18,2.79,1.943584442,68.54,1243694@1737144184,V3P4DB1N1735A,1,-36.86764145,106.8361282,1,0,0.688015282,0.583064198,-0.43205446,-0.718888044,0.628964186,-0.295979798,0.099171571,0.514237404,0.851894915,-1.438476205,-6.024888039
191,Fri Jan 17 2025 8:03:19 PM,1737144199,TwoSeamFastball,N,-24.32,18.5,87.1,2329.9,2323.7,99.7,2:26,1,1.7,21.4,-,-,7.3,25.5,-6.89,-0.15,4.59,2.58,1.89802742,4.17,1243694@1737144199,V3P4DB1N1735A,1,-6.67242384,79.66558075,1,0,-0.291686028,0.046323877,-0.955391705,-0.26819858,0.9547984,0.128177539,0.918144166,0.293622285,-0.266077369,-2.883339167,-6.715881348
192,Fri Jan 17 2025 8:03:46 PM,1737144226,TwoSeamFastball,N,-17.71,1.57,82.68,2106.6,2103.2,99.8,2:50,1,0.3,21.4,-,-,1.7,24,-6.58,-1.04,4.47,2.85,1.881242752,3.22,1243694@1737144226,V3P4DB1N1735A,1,14.94042206,60.4886322,1,0,-0.138796046,0.129608765,-0.981802881,0.385306716,0.920351148,0.067026161,0.912290633,-0.368992329,-0.177680239,-2.554508686,-8.629675865
193,Fri Jan 17 2025 8:04:15 PM,1737144255,TwoSeamFastball,Y,3.16,28,84.87,2097.6,2096.8,100,2:34,1,0.9,21,-,-,5,24.5,-4.66,1.05,4.46,2.82,1.921430588,1.63,1243694@1737144255,V3P4DB1N1735A,1,-4.2091012,78.77151489,1,0,-0.358587474,0.029801995,-0.933020234,-0.172883123,0.98007983,0.097749285,0.917347431,0.196355149,-0.346292108,-0.711730599,-5.943274021
194,Fri Jan 17 2025 8:04:51 PM,1737144291,Cutter,N,-10.9,44.71,89.91,2114.8,2109.2,99.7,11:08,1,20.7,-8.4,-,-,20.9,-10.2,0.49,-2.37,6.95,-0.65,2.080974579,4.18,1243694@1737144291,V3P4DB1N1735A,1,12.6113205,19.18102264,1,0,0.605392218,0.160281122,0.77962184,-0.302976191,0.952178776,0.039510377,-0.736006558,-0.260126144,0.625002921,-1.130730629,-4.824748993
195,Fri Jan 17 2025 8:17:29 PM,1737145049,Slider,N,15.66,30.28,81.96,2507.1,1382.1,55.1,8:06,1,1.2,-17.1,-,-,-7.1,-13.8,0.04,0.83,5.23,2.69,1.795381546,56.55,1243694@1737145049,V3P4DB1N1735A,1,-27.89970779,69.90958405,1,0,0.556337893,0.422250837,0.715676188,-0.783519328,0.553400755,0.282568574,-0.276740968,-0.717949748,0.638719499,-3.234260082,-7.128767967
196,Fri Jan 24 2025 6:51:35 PM,1737744695,ChangeUp,N,-10.15,32.43,83.82,2095.7,2094,99.9,2:24,1,12.6,17.2,-,-,6.5,21.5,-6.66,0.21,4.74,3.86,1.992645264,-2.3,1243694@1737744695,V3P4DB1N1735A,1,15.73621368,87.53608704,1,0,-0.306881517,0.227105856,-0.924254596,0.479116827,0.875953019,0.056155428,0.82235682,-0.42559287,-0.377624005,-3.40424943,-4.877155781
197,Fri Jan 24 2025 6:51:45 PM,1737744705,Cutter,N,6.44,53.08,82.35,1120.7,807.8,72.1,11:26,0.5,11.9,16.4,-,-,11,-3.8,-5.42,2.21,4.84,4.23,1.763458252,43.88,1243694@1737744705,V3P4DB1N1735A,0.5,-14.49926376,1.988101244,0.5,0,0.762436867,-0.383438587,0.521214843,-0.129954442,0.698356628,0.703853548,-0.633878469,-0.604378045,0.482623249,-2.363299131,-3.365773916
198,Fri Jan 24 2025 6:51:56 PM,1737744716,TwoSeamFastball,N,15.3,33.78,77.5,1861.8,1779.4,95.6,1:56,0.5,1.3,18.1,-,-,11.2,18.6,-4.79,2.07,4.64,4.24,1.769681931,17.1,1243694@1737744716,V3P4DB1N1735A,0.5,3.425348997,68.02644348,0.5,0,0.133229971,0.482241511,-0.865848064,-0.164178491,0.872304976,0.460575223,0.977392018,0.080791198,0.195390865,-1.432685137,-6.299637794
199,Fri Jan 24 2025 6:52:08 PM,1737744728,TwoSeamFastball,Y,-0.07,30.11,78.82,1913.1,1831,95.7,2:48,1,-0.7,19.5,-,-,1.7,20.8,-6.32,1.91,4.57,4.2,1.955606461,16.85,1243694@1737744728,V3P4DB1N1735A,1,6.136491776,72.30358124,1,0,-0.358304709,0.502304733,-0.786961019,0.010240314,0.844991267,0.534682035,0.93354845,0.183520406,-0.307908118,-2.607834578,-6.850971699
200,Fri Jan 24 2025 6:52:21 PM,1737744741,Slider,N,-22.65,25.36,78.37,2273.8,872.5,38.4,1:04,1,10.5,1.4,-,-,7.1,4.1,-6.52,0.2,4.87,3.99,2.034851074,67.44,1243694@1737744741,V3P4DB1N1735A,1,10.67626381,87.69810486,1,0,-0.146208346,0.971246898,-0.187889054,-0.907300949,-0.055963017,0.416740805,0.39424336,0.231402978,0.889395714,-6.250696182,-6.567634106
201,Fri Jan 24 2025 6:52:33 PM,1737744753,Slider,N,-8.73,12.39,72.45,797.3,780.7,97.9,0:30,0.5,17.8,-3.6,-,-,5.8,1.5,-4.53,-0.72,3.23,3.03,-,11.7,1243694@1737744753,V3P4DB1N1735A,0.5,40.0851593,119.69133,1,0,0.051456228,0.87716043,-0.477432638,-0.093353853,0.4801974,0.872178674,0.994302452,-0.000308899,0.106595419,-5.366531849,-5.348990917
202,Fri Jan 24 2025 6:52:44 PM,1737744764,Slider,N,-11.25,39.47,73.52,2227.2,447.6,74,0:40,1,13,-8.5,-,-,-7.9,-1.6,-4.6,2.57,4.39,4.01,1.946149826,78.37,1243694@1737744764,V3P4DB1N1735A,1,-9.25273037,52.68424225,1,0,0.592095494,0.760831654,0.265627652,-0.72805512,0.36372,0.5810709,0.345483094,-0.537441075,0.769284427,-6.269395351,-5.619988441
203,Fri Jan 24 2025 6:52:58 PM,1737744778,-,N,-,-,-,-,-,-,-,-,-,-,-,-,-,-,-,-,-,-,-,-,1243694@1737744778,V3P4DB1N1735A,0,0,0,1,0,-0.416936487,-0.831341028,0.367472649,0.437043846,0.171124741,0.883011341,-0.796967208,0.528761327,0.29198426,-,-
204,Fri Jan 24 2025 6:53:29 PM,1737744809,TwoSeamFastball,Y,-1.11,40.98,86.16,2582.3,2523.1,97.7,2:02,1,12.5,16.5,-,-,10.6,20.5,-5.97,1.15,4.5,4,2.058885574,12.3,1243694@1737744809,V3P4DB1N1735A,1,1.955967069,87.03678131,1,0,-0.256869167,0.323214412,-0.910796762,-0.209291384,0.901450992,0.378923684,0.943512201,0.287955731,-0.163908973,-2.754555702,-3.871114254
205,Fri Jan 24 2025 6:53:49 PM,1737744829,TwoSeamFastball,Y,3.32,30.35,87.66,2228.4,2226.6,99.9,2:04,1,6.8,16.7,-,-,9.9,20,-5.64,0.36,4.63,4.07,2.000797272,2.29,1243694@1737744829,V3P4DB1N1735A,1,-9.682344437,84.20652771,1,0,-0.168487102,-0.038317051,-0.984958827,-0.319913596,0.947278082,0.017873252,0.932345092,0.318113118,-0.171862304,-2.456007004,-5.233326435
206,Fri Jan 24 2025 6:54:24 PM,1737744864,TwoSeamFastball,Y,6.71,41.19,84.5,2166.1,2158.6,99.7,2:30,1,8.6,17.7,-,-,5.5,21.8,-4.6,1.36,4.65,3.33,1.938280106,4.77,1243694@1737744864,V3P4DB1N1735A,1,0.039141793,85.87665558,1,0,-0.440441936,0.140910327,-0.88665396,-0.110221393,0.97164768,0.209169894,0.890989423,0.189855412,-0.412423074,-1.260952234,-4.235015869
207,Fri Jan 24 2025 6:54:55 PM,1737744895,TwoSeamFastball,N,-1.94,15.63,86.22,2177.7,2168.3,99.6,2:24,1,4,20,-,-,6.4,21.2,-5.45,-0.53,4.56,3.19,1.993206024,5.32,1243694@1737744895,V3P4DB1N1735A,1,-12.61101532,94.83215332,1,0,-0.421498269,-0.117189273,-0.899224997,-0.539334893,0.829567015,0.144693971,0.72901082,0.545971751,-0.412865341,-1.635570645,-6.880197525
208,Fri Jan 24 2025 6:55:24 PM,1737744924,TwoSeamFastball,N,-10.62,31.34,85.76,2308,2307.8,100,2:28,1,8.3,17.2,-,-,6,22.9,-5.86,0.57,4.61,3.12,1.857099533,-0.9,1243694@1737744924,V3P4DB1N1735A,1,5.937859058,93.64763641,1,0,-0.527002573,0.132773846,-0.839428067,0.192008227,0.980783641,0.034587346,0.827889681,-0.142949477,-0.542369187,-2.601257086,-5.197937965
209,Fri Jan 24 2025 6:55:41 PM,1737744941,TwoSeamFastball,Y,1.64,30.6,86.39,2281.7,2275.6,99.7,2:32,1,7.6,17.5,-,-,5.2,22.3,-4.8,0.51,4.59,3.11,1.916038513,4.19,1243694@1737744941,V3P4DB1N1735A,1,-4.321464539,91.83968353,0.333333343,0,-0.52875483,0.019724138,-0.848545313,-0.260624915,0.947660089,0.184431493,0.807770312,0.318671137,-0.495939255,-1.447975874,-5.25515604
210,Fri Jan 24 2025 6:55:56 PM,1737744956,TwoSeamFastball,N,15.52,46.15,85.35,2247,2241.4,99.7,2:32,1,8.6,18.8,-,-,5,22.5,-3.85,2.13,4.43,3.29,1.875339508,4.06,1243694@1737744956,V3P4DB1N1735A,1,-16.85983276,81.58325195,1,0,-0.260816157,-0.034279883,-0.964779675,-0.567902565,0.813607574,0.124616846,0.78068018,0.58040297,-0.231669649,-0.252889574,-3.742306471
211,Fri Jan 24 2025 6:56:27 PM,1737744987,-,N,-,-,-,-,-,-,-,-,-,-,-,-,-,-,-,-,-,-,-,-,1243694@1737744987,V3P4DB1N1735A,0,0,0,1,0,-0.260816157,-0.034279883,-0.964779675,-0.567902565,0.813607574,0.124616846,0.78068018,0.58040297,-0.231669649,-,-
212,Fri Jan 24 2025 6:56:58 PM,1737745018,-,Y,-,-,-,-,-,-,-,-,-,-,-,-,-,-,-,-,-,-,-,-,1243694@1737745018,V3P4DB1N1735A,0,0,0,1,0,-0.260816157,-0.034279883,-0.964779675,-0.567902565,0.813607574,0.124616846,0.78068018,0.58040297,-0.231669649,-,-
213,Fri Jan 24 2025 6:57:13 PM,1737745033,-,N,-,-,-,-,-,-,-,-,-,-,-,-,-,-,-,-,-,-,-,-,1243694@1737745033,V3P4DB1N1735A,0,0,0,1,0,-0.260816157,-0.034279883,-0.964779675,-0.567902565,0.813607574,0.124616846,0.78068018,0.58040297,-0.231669649,-,-
214,Fri Jan 24 2025 6:57:56 PM,1737745076,TwoSeamFastball,N,-14.94,24.12,86.9,2242.6,2236.8,99.7,2:32,1,5.5,16.9,-,-,5,22.6,-6.35,0.24,4.5,3.22,1.8873806,4.13,1243694@1737745076,V3P4DB1N1735A,1,-17.18102837,93.23715973,1,0,-0.386915982,-0.15821895,-0.908439577,-0.664218664,0.731174707,0.155553788,0.639616549,0.663588822,-0.387995154,-3.102808475,-6.002988338
215,Fri Jan 24 2025 6:58:13 PM,1737745093,TwoSeamFastball,Y,5.08,33.94,85.74,2293.1,2222.2,96.9,2:30,1,12,15.7,-,-,4.7,19.9,-4.51,0.73,4.35,3.18,2.288219452,14.28,1243694@1737745093,V3P4DB1N1735A,1,-4.365231991,81.47994232,1,0,-0.352915913,0.282110304,-0.892112136,-0.340569586,0.849326193,0.403308123,0.871471584,0.446160138,-0.203662515,-1.346643686,-4.53932476
216,Fri Jan 24 2025 6:58:46 PM,1737745126,ChangeUp,N,-20.18,8.82,79.52,1945.6,1945.3,100,2:56,1,-0.7,17.4,-,-,0.5,23.1,-6.98,-0.1,4.52,3.37,1.829715729,1.09,1243694@1737745126,V3P4DB1N1735A,1,3.224552155,70.86001587,0.5,0,-0.40502429,0.055225164,-0.912636638,0.092390217,0.995536983,0.019239221,0.909626067,-0.076526351,-0.408318937,-3.754806042,-8.296989441
217,Fri Jan 24 2025 6:59:02 PM,1737745142,TwoSeamFastball,N,-27.14,27.18,87.17,2270.6,2266,99.8,2:28,1,7.6,17.4,-,-,6,22.6,-7.64,0.06,4.67,3.39,1.864290237,3.64,1243694@1737745142,V3P4DB1N1735A,1,10.00052738,90.37570953,1,0,-0.467984647,0.270038903,-0.841468453,0.247328654,0.954142213,0.168645039,0.848421276,-0.129195958,-0.513312221,-4.372890472,-5.502213478
218,Fri Jan 24 2025 6:59:30 PM,1737745170,Slider,Y,-1.93,31.66,81.05,2270.3,789.1,34.8,0:56,1,7.2,3.3,-,-,6.6,3.2,-4.09,0.8,4.75,3.3,2.054887772,69.66,1243694@1737745170,V3P4DB1N1735A,1,5.369753838,84.81877136,1,0,0.008325656,0.987039149,-0.160262555,-0.926733315,0.067819364,0.369547993,0.375627279,0.145443976,0.915286899,-3.454550505,-5.723769665
219,Fri Jan 24 2025 7:00:05 PM,1737745205,-,N,-,-,-,-,-,-,-,-,-,-,-,-,-,-,-,-,-,-,-,-,1243694@1737745205,V3P4DB1N1735A,0,0,0,1,0,0.008325656,0.987039149,-0.160262555,-0.926733315,0.067819364,0.369547993,0.375627279,0.145443976,0.915286899,-,-
220,Fri Jan 24 2025 7:00:22 PM,1737745222,-,N,-,-,-,-,-,-,-,-,-,-,-,-,-,-,-,-,-,-,-,-,1243694@1737745222,V3P4DB1N1735A,0,0,0,1,0,0.008325656,0.987039149,-0.160262555,-0.926733315,0.067819364,0.369547993,0.375627279,0.145443976,0.915286899,-,-
221,Fri Jan 24 2025 7:00:42 PM,1737745242,-,N,-,-,-,-,-,-,-,-,-,-,-,-,-,-,-,-,-,-,-,-,1243694@1737745242,V3P4DB1N1735A,0,0,0,1,0,0.008325656,0.987039149,-0.160262555,-0.926733315,0.067819364,0.369547993,0.375627279,0.145443976,0.915286899,-,-
222,Fri Jan 24 2025 7:01:16 PM,1737745276,-,Y,-,-,-,-,-,-,-,-,-,-,-,-,-,-,-,-,-,-,-,-,1243694@1737745276,V3P4DB1N1735A,0,0,0,1,0,0.008325656,0.987039149,-0.160262555,-0.926733315,0.067819364,0.369547993,0.375627279,0.145443976,0.915286899,-,-
223,Fri Jan 24 2025 7:01:31 PM,1737745291,Slider,N,-11.15,34.53,74.36,2168,1756.7,81,9:36,1,0,-6.2,-,-,-,-,-4.87,-0.52,3.16,3.2,-,50.56,1243694@1737745291,V3P4DB1N1735A,1,7.993482113,8.420167923,1,0,0.960176349,0.278091162,-0.026956821,0.031204579,-0.010859003,0.999454021,0.277646601,-0.960493267,-0.019104274,-6.365183353,-0.214556351
224,Fri Jan 24 2025 7:01:48 PM,1737745308,-,Y,-,-,-,-,-,-,-,-,-,-,-,-,-,-,-,-,-,-,-,-,1243694@1737745308,V3P4DB1N1735A,0,0,0,0,0,0,0,0,0,0,0,0,0,0,-,-
225,Fri Jan 24 2025 7:02:12 PM,1737745332,TwoSeamFastball,N,-12.22,28.66,86.05,2259.6,2256.5,99.9,2:32,1,5.4,16.4,-,-,4.9,21.5,-7.4,0.47,4.59,4.37,2.153772354,3.03,1243694@1737745332,V3P4DB1N1735A,1,1.479809403,83.0326767,1,0,-0.421020746,0.127477288,-0.898048341,-0.024925172,0.988075078,0.151941851,0.90670836,0.086354703,-0.412822753,-4.252459049,-5.609970093
226,Fri Jan 24 2025 7:14:14 PM,1737746054,ChangeUp,N,-13.9,16.05,80.04,1968.6,1966,99.9,2:34,1,4.2,15.7,-,-,4.8,23,-6.15,0.01,4.65,3.3,1.721523285,2.98,1243694@1737746054,V3P4DB1N1735A,1,14.65113831,98.72525024,0.5,0,-0.543557525,0.359991193,-0.758255482,0.493077695,0.868007243,0.058632977,0.679278553,-0.342008471,-0.649315476,-3.248702765,-7.370832443
227,Fri Jan 24 2025 7:14:27 PM,1737746067,ChangeUp,N,-13.23,22.81,81.26,2058.6,2055.5,99.9,2:36,1,7.9,18,-,-,4.1,22,-6.39,0,4.74,3.26,2.069108963,3.13,1243694@1737746067,V3P4DB1N1735A,1,10.35592937,90.20493317,1,0,-0.51619941,0.251219749,-0.8187958,0.302698106,0.947828293,0.099976756,0.801193953,-0.196240008,-0.565312088,-2.935165644,-6.567861557
228,Fri Jan 24 2025 7:14:41 PM,1737746081,Slider,N,17.41,30.49,75.59,652.4,510.5,78.2,9:48,1,-2.2,13.4,-,-,3.9,-9.1,-3.73,2.32,4.72,3.83,1.66929245,38.51,1243694@1737746081,V3P4DB1N1735A,1,-34.89083099,102.30056,0.5,0,0.988685668,0.072883241,0.131105557,-0.082508288,0.994161248,0.06953983,-0.125271782,-0.079570338,0.98892647,-1.231842995,-7.415156841
229,Fri Jan 24 2025 7:14:52 PM,1737746092,ChangeUp,Y,-2.76,34.01,77.45,2270.3,783.9,34.5,1:26,1,13.2,4.3,-,-,5.4,4.8,-4.37,0.93,4.73,3.43,1.98824501,69.8,1243694@1737746092,V3P4DB1N1735A,1,-6.848860741,90.73886108,1,0,0.082492836,0.943348646,-0.321384668,-0.967267096,0.153441429,0.202113435,0.239977136,0.294191986,0.925128162,-3.555946589,-5.37894249
230,Fri Jan 24 2025 7:15:03 PM,1737746103,ChangeUp,N,11.17,37.67,80.85,2040.6,2032.6,99.6,2:34,1,8.2,14.5,-,-,4.4,22.5,-3.95,1.42,4.63,3.39,1.81287384,5.06,1243694@1737746103,V3P4DB1N1735A,1,-9.097660065,95.11151123,1,0,-0.537030458,-0.0546555,-0.841790199,-0.475159764,0.844130993,0.248326644,0.697008669,0.533343911,-0.479294121,-1.246961117,-4.844472885
231,Fri Jan 24 2025 7:15:33 PM,1737746133,TwoSeamFastball,Y,1.32,22.96,84.85,2140.1,2137.2,99.9,2:32,1,4.7,16.5,-,-,4.9,21.7,-5.11,0.28,4.53,3.46,1.912559509,2.99,1243694@1737746133,V3P4DB1N1735A,1,-3.082744122,91.19140625,1,0,-0.529156983,0.02080041,-0.848268688,-0.190879151,0.971158504,0.142885819,0.826775491,0.237525895,-0.509924948,-1.952863097,-6.302175522
232,Fri Jan 24 2025 7:16:22 PM,1737746182,Slider,N,19.77,34.21,77.48,534.5,521.3,97.5,5:24,0.5,6.2,6.3,-,-,-8.3,2.5,-2.51,1.54,4.72,3.41,2.163576126,12.78,1243694@1737746182,V3P4DB1N1735A,0.5,-4.86119175,75.66060638,1,0,-0.822633743,-0.044932507,0.566793382,-0.556041062,-0.144555375,-0.818487644,0.118709736,-0.988475978,0.093931839,-1.290719032,-6.099524975
233,Fri Jan 24 2025 7:16:39 PM,1737746199,Cutter,Y,-3.72,27.05,79.29,2212.3,416.9,18.8,2:48,1,7.6,8,-,-,-0.1,3.5,-4.72,0.69,4.69,3.34,2.061689377,79.14,1243694@1737746199,V3P4DB1N1735A,1,6.239269257,100.4793549,1,0,-0.246322438,0.930688739,-0.270450711,-0.953162551,-0.283161491,-0.106303617,-0.175516829,0.231598571,0.956846833,-3.166773558,-6.420520306
234,Fri Jan 24 2025 7:17:18 PM,1737746238,ChangeUp,Y,9.32,40,79.05,1860.9,1822.7,97.9,2:24,1,5.2,15.3,-,-,5.9,20.1,-4.45,2.42,4.42,3.59,1.980442047,11.64,1243694@1737746238,V3P4DB1N1735A,1,17.8764019,84.01065826,1,0,-0.287143677,0.535398781,-0.794289827,0.319951892,0.835194111,0.447304785,0.902872562,-0.125693753,-0.411122501,-1.501896143,-5.216514587
235,Fri Jan 24 2025 7:17:33 PM,1737746253,TwoSeamFastball,Y,-9.71,28.22,84.94,1998.2,1943.6,97.3,2:22,1,5.6,16.2,-,-,6.4,19.6,-6.2,0.46,4.64,3.52,2.090894699,13.43,1243694@1737746253,V3P4DB1N1735A,1,-11.28236961,92.87838745,1,0,-0.367225051,0.098684825,-0.924882054,-0.608475864,0.726579905,0.319121808,0.703493178,0.679958045,-0.206770942,-3.093325615,-5.800499439
236,Fri Jan 24 2025 7:18:03 PM,1737746283,TwoSeamFastball,Y,8.81,28.94,84.98,1926,1891,98.2,2:38,1,5.4,15.6,-,-,3.5,20.6,-4.28,0.68,4.53,3.38,1.914331436,10.93,1243694@1737746283,V3P4DB1N1735A,1,-5.257300377,94.66698456,1,0,-0.584792256,0.09325289,-0.805805206,-0.4347018,0.802666664,0.408363253,0.684874058,0.589092612,-0.428856105,-1.311838865,-5.573202133
237,Fri Jan 24 2025 7:18:26 PM,1737746306,ChangeUp,N,11.31,31.3,79.1,1552.8,1468,94.5,3:00,1,5.8,12.1,-,-,-0.5,18.2,-4,1.55,4.43,3.61,1.998941422,19.02,1243694@1737746306,V3P4DB1N1735A,1,15.02615547,78.82772827,0.5,0,-0.475797862,0.600500226,-0.642663062,0.29036355,0.796944141,0.529687762,0.830244184,0.065418363,-0.55354768,-1.67870295,-5.955598831
238,Fri Jan 24 2025 7:18:43 PM,1737746323,TwoSeamFastball,Y,-9.26,33.99,87.28,2083.1,2032.3,97.6,2:22,1,3.7,18.2,-,-,6.4,19.9,-6.18,1.02,4.64,3.4,2.001178741,12.68,1243694@1737746323,V3P4DB1N1735A,1,-0.632877052,94.63295746,1,0,-0.509224713,0.220575944,-0.831887066,-0.324251652,0.846199632,0.422855765,0.797214389,0.485069424,-0.359383643,-2.699711084,-5.295698166
239,Fri Jan 24 2025 7:19:14 PM,1737746354,-,N,-,-,76.07,-,-,-,-,-,-,-,-,-,-,-,-,-,-,-,-,-,1243694@1737746354,V3P4DB1N1735A,0,0,0,0,0,0,0,0,0,0,0,0,0,0,-2.300421953,1.638278008
240,Fri Jan 24 2025 7:19:31 PM,1737746371,-,N,-,-,74.54,-,-,-,-,-,-,-,-,-,-,-,-,-,-,-,-,-,1243694@1737746371,V3P4DB1N1735A,0,0,0,0,0,0,0,0,0,0,0,0,0,0,-1.356327534,-0.741156876
241,Fri Jan 24 2025 7:19:49 PM,1737746389,-,N,-,-,-,-,-,-,-,-,-,-,-,-,-,-,-,-,-,-,-,-,1243694@1737746389,V3P4DB1N1735A,0,0,0,0,0,0,0,0,0,0,0,0,0,0,-,-
242,Fri Jan 24 2025 7:20:06 PM,1737746406,Slider,Y,-2.09,22.26,74.72,2243.7,1798.4,96.8,9:38,1,24.9,-1.2,-,-,10.6,1.3,-4.07,-0.87,3.44,3.09,-,48.06,1243694@1737746406,V3P4DB1N1735A,1,27.34108162,49.01051712,1,0,0.354529768,0.924263358,0.141583323,0.012006076,-0.155905977,0.987698913,0.934967577,-0.348468751,-0.066370063,-4.341474533,-3.326947927
243,Fri Jan 24 2025 7:20:32 PM,1737746432,ChangeUp,N,11.4,61.13,84.22,2207.4,2053.7,93,1:16,1,24,4.7,-,-,15.8,12.8,-0.96,0.39,6.02,1.44,2.078960419,21.5,1243694@1737746432,V3P4DB1N1735A,1,7.518039703,2.939816713,0.5,0,0.997802913,0.018184679,0.063707046,-0.04757762,0.865855753,0.498026192,-0.046104662,-0.499963045,0.864818633,-0.042368233,-2.627177954
244,Thu Jan 30 2025 6:42:52 PM,1738262572,ChangeUp,N,-21.86,12.07,79.58,1759.3,1665.2,94.7,2:48,1,1.7,18.7,-,-,2,23.3,-6.62,0.38,4.46,2.9,1.53606987,18.82,1243694@1738262572,V3P4DB1N1735A,1,12.01948738,81.52758789,1,0,-0.486235231,0.54872638,-0.680054724,0.157974824,0.82062453,0.549198866,0.859429538,0.159608334,-0.485701442,-3.121535301,-8.196327209
245,Thu Jan 30 2025 6:43:13 PM,1738262593,TwoSeamFastball,N,-10.53,27.9,85.3,1933.8,1929.5,99.8,2:30,1,7.9,18.1,-,-,5.7,24.2,-5.58,0.56,4.55,2.93,1.417545319,3.81,1243694@1738262593,V3P4DB1N1735A,1,2.13888216,101.6430664,1,0,-0.681638658,0.104402699,-0.724201918,-0.050693344,0.980650961,0.189086959,0.72993052,0.165601239,-0.663157046,-2.247254372,-5.540984154
246,Thu Jan 30 2025 6:43:31 PM,1738262611,ChangeUp,N,-15.55,12.39,82.89,2130.4,1174,55.1,1:44,1,3.7,10.3,-,-,8.2,11,-5.29,-0.58,4.89,2.89,1.408210754,56.56,1243694@1738262611,V3P4DB1N1735A,1,13.57432842,102.0264053,1,0,-0.423984885,0.738988101,-0.523577034,-0.827977657,-0.082011499,0.55473125,0.367000461,0.668707907,0.646637619,-3.395676851,-7.844789982
247,Thu Jan 30 2025 6:43:51 PM,1738262631,TwoSeamFastball,N,13.16,43.65,85.9,2061.6,1978.3,96,2:24,1,9.5,18.7,-,-,6.7,23,-3.76,1.6,4.57,3.08,1.557291031,16.34,1243694@1738262631,V3P4DB1N1735A,1,-4.812355518,99.66807556,1,0,-0.522000372,0.150133461,-0.839628041,-0.564001083,0.677706659,0.471822381,0.639857769,0.719842732,-0.269087613,-0.295785457,-3.818804026
248,Thu Jan 30 2025 6:44:10 PM,1738262650,TwoSeamFastball,N,20.87,27.12,86.12,2133.7,2130.8,99.9,2:36,1,8.6,18.9,-,-,4.4,24.6,-2.9,0.54,4.33,2.88,1.64790535,3.02,1243694@1738262650,V3P4DB1N1735A,1,-6.088621616,99.37481689,1,0,-0.642440677,-0.090060279,-0.761024952,-0.347998172,0.919058442,0.185010388,0.682764351,0.383693516,-0.621781349,0.688639879,-5.304652691
249,Thu Jan 30 2025 6:44:42 PM,1738262682,TwoSeamFastball,N,13.09,13.29,86.07,2081,593.4,47.5,3:28,1,4.3,23.4,-,-,8.5,1.5,-5.26,-0.42,4.47,4.14,1.468824387,40.01,1243694@1738262682,V3P4DB1N1735A,1,-19.89462852,51.42118835,1,0,0.35639149,-0.33065483,0.873872042,-0.167950705,0.897380412,0.408045202,-0.919117749,-0.292191237,0.264285028,-0.938138247,-6.996863842
250,Thu Jan 30 2025 6:45:16 PM,1738262716,-,N,-,-,75.05,-,-,-,-,-,-,-,-,-,-,-,-,-,-,-,-,-,1243694@1738262716,V3P4DB1N1735A,0,0,0,0,0,0,0,0,0,0,0,0,0,0,-1.76159358,-3.757204294
251,Thu Jan 30 2025 6:46:08 PM,1738262768,TwoSeamFastball,Y,-0.72,21.2,85.43,1962.5,1961.9,100,2:36,1,4.6,18.8,-,-,4.7,24.6,-4.59,-0.1,4.8,2.73,1.460542679,1.35,1243694@1738262768,V3P4DB1N1735A,1,-4.166304588,103.1612701,1,0,-0.703579962,-0.093148999,-0.704484224,-0.246757895,0.961708128,0.119281292,0.666397333,0.257761031,-0.699623823,-1.135349751,-6.584787369
252,Thu Jan 30 2025 6:46:43 PM,1738262803,TwoSeamFastball,N,15.89,37.52,84.62,1898.3,1894.8,99.8,2:30,1,5.2,19.8,-,-,5.7,23.5,-3.33,1.62,4.67,2.81,1.547609329,3.47,1243694@1738262803,V3P4DB1N1735A,1,-3.904497623,98.1353302,1,0,-0.602565467,-0.010950301,-0.797994256,-0.281268835,0.938661516,0.199505538,0.746861815,0.344666064,-0.568684936,0.440901428,-5.379926682
253,Thu Jan 30 2025 6:47:19 PM,1738262839,Slider,Y,-6.55,36.65,81.82,1977.7,884.4,44.7,1:10,1,9.8,4.3,-,-,8.5,5.8,-3.69,0.97,5.01,2.57,1.557798386,63.44,1243694@1738262839,V3P4DB1N1735A,1,13.56625652,87.56993866,1,0,-0.136442691,0.961803734,-0.237311959,-0.846841633,0.011063115,0.531730056,0.514045358,0.273516357,0.812985957,-2.880213261,-5.512023449
254,Thu Jan 30 2025 6:48:07 PM,1738262887,TwoSeamFastball,Y,-6.72,37.8,86.12,2084.5,2081.6,99.9,2:32,1,6.2,19.7,-,-,5.6,24.9,-5.31,1.42,4.65,2.85,1.442562103,3.02,1243694@1738262887,V3P4DB1N1735A,1,-12.29459286,96.05722809,1,0,-0.49080956,-0.137371674,-0.860368967,-0.551333189,0.813603342,0.184611052,0.674638748,0.56495893,-0.475061864,-1.651055336,-4.942063808
255,Thu Jan 30 2025 6:48:41 PM,1738262921,ChangeUp,Y,-6.05,22.43,80.22,1817.1,1737.9,95.6,2:56,1,-0.8,20.5,-,-,0.4,23.4,-5.36,1.51,4.39,2.88,1.485153198,16.98,1243694@1738262921,V3P4DB1N1735A,1,10.85702515,79.0415802,1,0,-0.495654285,0.522745192,-0.69358784,0.159893274,0.839857638,0.518722653,0.853674889,0.146207094,-0.499862492,-1.530521989,-7.335639
256,Thu Jan 30 2025 6:49:15 PM,1738262955,Cutter,Y,-5.84,20.8,81.29,1977.6,847.1,42.8,0:58,1,6.6,4.2,-,-,9,4.9,-3.75,0.29,4.75,2.69,1.614454269,64.64,1243694@1738262955,V3P4DB1N1735A,1,26.67586517,85.26274872,1,0,-0.242260396,0.969865739,-0.025888361,-0.747800708,-0.169657767,0.641880274,0.618145585,0.174861535,0.766367793,-2.945494175,-7.268312931
257,Thu Jan 30 2025 6:49:53 PM,1738262993,TwoSeamFastball,Y,-4.25,21.83,86.39,2097.7,2095.4,99.9,2:34,1,8.6,19.4,-,-,5.3,25,-5.03,-0.09,4.54,2.79,1.528530121,2.67,1243694@1738262993,V3P4DB1N1735A,1,3.171953201,106.7423019,1,0,-0.755824804,0.107258864,-0.645928919,0.044866774,0.992657065,0.112334087,0.653234661,0.055924162,-0.755087197,-1.372068644,-6.062697411
258,Thu Jan 30 2025 6:50:38 PM,1738263038,ChangeUp,N,-8.93,15.74,79.15,1650.2,1643.2,99.6,2:58,1,2.2,20.2,-,-,-0.2,24,-5.16,0.78,4.5,2.47,1.482990265,5.28,1243694@1738263038,V3P4DB1N1735A,1,50.42887115,146.9962769,1,0,0.080706403,-0.723758519,-0.685317457,0.291258216,-0.640426457,0.710649431,-0.953234017,-0.256958365,0.159114107,-1.316531777,-8.142008781
259,Thu Jan 30 2025 6:51:07 PM,1738263067,ChangeUp,N,-21.14,38.31,79.7,1769.6,1696.5,95.9,2:56,1,2.6,15.4,-,-,0.4,24.5,-6.08,2.62,4.41,2.7,1.572446823,16.53,1243694@1738263067,V3P4DB1N1735A,1,34.10720062,94.31031799,1,0,-0.213444784,0.709087968,-0.672038376,0.911758184,0.391664833,0.123675659,0.350910723,-0.58633858,-0.730115533,-3.194261551,-5.68810606
260,Thu Jan 30 2025 6:51:34 PM,1738263094,ChangeUp,Y,5.42,30,79.53,1711.9,1617.9,94.5,2:48,1,6.2,14.8,-,-,1.6,22.7,-3.85,1.68,4.43,2.88,1.380004883,19.07,1243694@1738263094,V3P4DB1N1735A,1,26.92321205,86.57931519,0.5,0,-0.325494528,0.718002498,-0.615244329,0.635278404,0.648001552,0.420137137,0.70033884,-0.254099131,-0.667052507,-1.066791892,-6.264805794
261,Thu Jan 30 2025 7:02:34 PM,1738263754,TwoSeamFastball,N,21.91,48.96,84.74,2105.5,862.8,97.4,2:50,1,11,19.4,-,-,13.9,-0.6,-3.77,2.12,4.54,3.74,1.655345917,5.32,1243694@1738263754,V3P4DB1N1735A,1,-22.09352112,75.44700623,1,0,0.788656235,-0.34898743,0.506190777,0.263473511,0.935702443,0.234611809,-0.555520475,-0.051660206,0.82989645,-0.110218868,-3.436222076
262,Thu Jan 30 2025 7:03:10 PM,1738263790,Slider,Y,1.3,37.94,75.82,1919.1,668.5,34.8,10:28,0.5,9.8,-12.2,-,-,5.5,-7.1,-2.73,2.31,4.44,3.69,1.586776733,69.61,1243694@1738263790,V3P4DB1N1735A,0.5,-41.23388672,112.1313629,0.5,0,0.901269078,0.420218915,-0.105498902,-0.433248758,0.875850022,-0.212561041,0.00307904,0.237281963,0.971435905,-5.018659115,-5.477861404
263,Thu Jan 30 2025 7:03:29 PM,1738263809,Slider,Y,3.85,35.13,75.75,2101.6,903.1,43,10:26,0.5,12.4,-11.1,-,-,7,-8.9,-2.54,1.95,4.43,3.62,1.668178558,64.55,1243694@1738263809,V3P4DB1N1735A,0.5,-37.06899643,98.59069824,1,0,0.888549387,0.458481312,-0.016575381,-0.458465099,0.886018217,-0.069148175,-0.017017059,0.069040805,0.99746865,-4.680594444,-5.732513428
264,Thu Jan 30 2025 7:03:59 PM,1738263839,TwoSeamFastball,N,21.1,21.58,85.6,1988.4,1988.1,100,2:36,1,3.7,22.3,-,-,4.3,24.2,-3.2,0.34,4.59,2.94,1.403755188,1.02,1243694@1738263839,V3P4DB1N1735A,1,-6.73987627,86.86615753,0.5,0,-0.486018032,-0.064546593,-0.871561825,-0.263730109,0.961609602,0.075851165,0.833206296,0.266722172,-0.48438248,0.972545147,-6.624185562
265,Thu Jan 30 2025 7:04:15 PM,1738263855,TwoSeamFastball,Y,-8.58,36.27,86.54,2073.6,2070.9,99.9,2:28,1,3,21.5,-,-,6.3,23.5,-5.66,1.54,4.62,2.86,1.515838623,2.9,1243694@1738263855,V3P4DB1N1735A,1,-10.14017105,87.73873901,1,0,-0.392699242,-0.039241642,-0.918829322,-0.41449815,0.899412274,0.138740376,0.820961952,0.435336292,-0.369464099,-1.658683181,-5.306183815
266,Thu Jan 30 2025 7:04:32 PM,1738263872,ChangeUp,N,-28.62,16.66,81.29,2019.3,2013.6,99.7,2:48,1,-0.5,19.5,-,-,2,25.4,-7.25,0.64,4.53,2.84,1.573455811,4.29,1243694@1738263872,V3P4DB1N1735A,1,34.22372818,92.21627045,1,0,-0.149216697,0.378128409,-0.913648248,0.942305326,0.3343952,-0.015502161,0.299657732,-0.863248885,-0.406209737,-3.629184246,-7.683968067
267,Thu Jan 30 2025 7:04:54 PM,1738263894,TwoSeamFastball,N,10.72,37.97,86.36,2021.5,2017.8,99.8,2:32,1,4,19.8,-,-,5.5,24.2,-4.04,1.72,4.55,3.09,1.408287048,3.46,1243694@1738263894,V3P4DB1N1735A,1,-7.54800415,88.42670441,1,0,-0.453776836,-0.00428991,-0.891105056,-0.350443512,0.920274079,0.174025804,0.819314301,0.391250849,-0.41910246,-0.357265115,-5.019948006
268,Thu Jan 30 2025 7:05:13 PM,1738263913,TwoSeamFastball,N,13.33,27.8,86.39,2143.5,2143,100,2:30,1,5.5,20.9,-,-,6,24.6,-3.93,0.67,4.59,3.1,1.46749115,-1.23,1243694@1738263913,V3P4DB1N1735A,1,-3.417293072,75.16557312,1,0,-0.263232529,-0.028302416,-0.964317143,-0.101960979,0.994787455,-0.001364117,0.959329247,0.097963646,-0.264746159,-0.009951945,-5.855973721
269,Thu Jan 30 2025 7:05:40 PM,1738263940,Slider,N,16.07,33.39,76.29,2168.2,805.7,37.2,10:36,0.5,8.6,-5.7,-,-,7.2,-7.8,-1.53,1.96,4.45,3.27,1.387020111,68.19,1243694@1738263940,V3P4DB1N1735A,0.5,-23.67980957,130.8393555,1,0,0.824856341,0.419237912,-0.379277796,-0.563075185,0.669254422,-0.484814227,0.050580777,0.613463998,0.788101196,-2.579584599,-5.844902992
270,Thu Jan 30 2025 7:05:58 PM,1738263958,Slider,Y,0.21,29.81,76.88,2187.7,651.3,29.8,11:18,1,7.4,-4.4,-,-,7.2,-3.8,-3.02,1.67,4.35,3.22,1.586984634,72.68,1243694@1738263958,V3P4DB1N1735A,1,-18.774683,132.6373291,0.5,0,0.727829099,0.496630996,-0.472887307,-0.683837354,0.474040478,-0.554664016,-0.051295571,0.727078617,0.684635282,-3.829405069,-5.991678715
271,Thu Jan 30 2025 7:06:28 PM,1738263988,TwoSeamFastball,Y,4.73,36.76,87.66,2119.2,2115.1,99.8,2:26,1,2.1,22,-,-,6.6,23.6,-4.73,1.56,4.57,3.01,1.609781265,3.55,1243694@1738263988,V3P4DB1N1735A,1,0.991423607,84.19041443,0.5,0,-0.38951236,0.141551763,-0.910078585,-0.06263905,0.981759846,0.17951034,0.918888569,0.126927972,-0.373540938,-0.618743598,-5.126761913
272,Thu Jan 30 2025 7:07:01 PM,1738264021,TwoSeamFastball,N,13.53,26.83,85.85,2068.4,2063.4,99.8,2:32,1,4.8,19.6,-,-,5.1,23.5,-4.62,0.68,4.54,3.85,1.585474014,3.99,1243694@1738264021,V3P4DB1N1735A,1,-6.410536289,77.1999588,1,0,-0.30625245,0.056496378,-0.950272322,-0.253557205,0.957334697,0.138632342,0.917560875,0.283404946,-0.278861046,-0.924338579,-5.977705479
273,Thu Jan 30 2025 7:07:20 PM,1738264040,TwoSeamFastball,Y,3.52,38.81,86.12,2914.3,2912.8,99.9,8:22,1,5.2,0,-,-,-10.2,-27.3,-5.55,1.69,4.52,3.67,1.641288757,-1.87,1243694@1738264040,V3P4DB1N1735A,1,-6.979159832,82.76348114,1,0,0.328750104,-0.212151736,0.92027992,0.076144315,0.977224171,0.19807817,-0.941342413,0.004955842,0.337416708,-1.381949544,-4.825406075
